"","STATE","DISTRICT","TEH_NAME","BLOCK_NAME","LAT","LON","SITE_NAME","SITE_TYPE","WLCODE","YEAR_OBS","MONSOON","POMRB","POMKH","PREMON","temp_pomrb","temp_premon","temp_monsoon","temp_pomkh","year","STATE_UT_NAME","rain_pomrb","rain_premon","rain_monsoon","rain_pomkh"
"1","TG","Khammam","Burgampahad","Burgampahad",17.66666667,80.88333333,"Badrachalam","Dug Well","W03914",2002,"4.8","7","6.28","10.48",26.662,32.65533333,29.194,25.67066667,2002,"ANDHRA PRADESH",7.4,75.56666667,236.7,45.3
"2","TG","Khammam","Cherla","Dummagudem",17.91666667,80.91666667,"Parnasala","Dug Well","W04793",2002,"8.5","9.03","9","10.3",26.662,32.65533333,29.194,25.67066667,2002,"ANDHRA PRADESH",7.4,75.56666667,236.7,45.3
"3","TG","Khammam","Palvancha","Palwancha",17.59444444,80.71666667,"Kesavapuram","Dug Well","W04299",2002,"8.24","6.14","8.04","8.87",26.662,32.65533333,29.194,25.67066667,2002,"ANDHRA PRADESH",7.4,75.56666667,236.7,45.3
"4","TG","Khammam","Chintur","Chintur",17.83333333,81.66666667,"Mothugundam","Dug Well","W04797",2002,"1.2","1.43","1.9","3.4",26.662,32.65533333,29.194,25.67066667,2002,"ANDHRA PRADESH",7.4,75.56666667,236.7,45.3
"5","TG","Khammam","Chintur","Chintur",17.74166667,81.52333333,"Lakkavaram","Dug Well","W04796",2002,"4.75","6.42","5.8","8.3",26.662,32.65533333,29.194,25.67066667,2002,"ANDHRA PRADESH",7.4,75.56666667,236.7,45.3
"6","TG","Khammam","Chintur","Chintur",17.75,81.58333333,"Chinturu","Dug Well","W04038",2002,"5.03","5.23","5.51","7.21",26.662,32.65533333,29.194,25.67066667,2002,"ANDHRA PRADESH",7.4,75.56666667,236.7,45.3
"7","TG","Khammam","Chintur","Chintur",17.75444444,81.17138889,"Edugarallapalli","Dug Well","W04039",2002,"4.73","5.8","5","8.4",26.662,32.65533333,29.194,25.67066667,2002,"ANDHRA PRADESH",7.4,75.56666667,236.7,45.3
"8","TG","Khammam","Chintur","Chintur",17.775,81.28611111,"Sarivela","Dug Well","W04799",2002,"3.08","3.77","3.4","5.5",26.662,32.65533333,29.194,25.67066667,2002,"ANDHRA PRADESH",7.4,75.56666667,236.7,45.3
"9","TG","Khammam","Tekulapalli","Tekulapalli",17.57361111,80.62916667,"Kothagudem-1","Tube Well","W04303",2002,"15.35","3.52","16.07","15.25",26.662,32.65533333,29.194,25.67066667,2002,"ANDHRA PRADESH",7.4,75.56666667,236.7,45.3
"10","TG","Khammam","Bayyaram","Bayyaram",17.6,80.15,"Gandhampally","Dug Well","W04281",2002,"3.6","4.35","8.2","8.32",26.662,32.65533333,29.194,25.67066667,2002,"ANDHRA PRADESH",7.4,75.56666667,236.7,45.3
"11","TG","Khammam","Bayyaram","Bayyaram",17.56666667,80.24166667,"Nehrunagar","Dug Well","W04790",2002,"2.95","7.7","7.85","10.36",26.662,32.65533333,29.194,25.67066667,2002,"ANDHRA PRADESH",7.4,75.56666667,236.7,45.3
"12","TG","Khammam","Yellandu","Yellandu",17.61611111,80.35416667,"Yellanadu","Dug Well","W04823",2002,"3.26","3.77","4.36","4.42",26.662,32.65533333,29.194,25.67066667,2002,"ANDHRA PRADESH",7.4,75.56666667,236.7,45.3
"13","TG","Khammam","Yellandu","Yellandu",17.575,80.3375,"Yellandu-1","Bore Well","W04824",2002,"1.4","'0","3.17","8.51",26.662,32.65533333,29.194,25.67066667,2002,"ANDHRA PRADESH",7.4,75.56666667,236.7,45.3
"14","TG","Khammam","Bhadrachalam","Bhadrachalam",17.73333333,81.1,"Lakshmipuram","Dug Well","W04791",2002,"5.33","5.75","6.6","8.3",26.662,32.65533333,29.194,25.67066667,2002,"ANDHRA PRADESH",7.4,75.56666667,236.7,45.3
"15","TG","Khammam","Dammapeta","Dammapeta",17.30416667,80.92083333,"Gandugulapalli-2","Tube Well","W04283",2002,"15.47","15.62","15.6","16.7",26.662,32.65533333,29.194,25.67066667,2002,"ANDHRA PRADESH",7.4,75.56666667,236.7,45.3
"16","TG","Khammam","Dammapeta","Dammapeta",17.30416667,80.96666667,"Yedulla Bayyaram","Dug Well","W04801",2002,"2.55","'0","'0","5.21",26.662,32.65533333,29.194,25.67066667,2002,"ANDHRA PRADESH",7.4,75.56666667,236.7,45.3
"17","TG","Khammam","Malkalapalli","Mulakalapalli",17.43333333,80.875,"Jagannathapuram","Dug Well","W04298",2002,"3.28","6.06","3.66","7.44",26.662,32.65533333,29.194,25.67066667,2002,"ANDHRA PRADESH",7.4,75.56666667,236.7,45.3
"18","TG","Khammam","Tekulapalli","Tekulapalli",17.61666667,80.50833333,"Madira1","Bore Well","W04816",2002,"3.05","3.72","'0","7.47",26.662,32.65533333,29.194,25.67066667,2002,"ANDHRA PRADESH",7.4,75.56666667,236.7,45.3
"19","TG","Khammam","Tekulapalli","Tekulapalli",17.56666667,80.5,"Tekulapally","Dug Well","W04818",2002,"3.7","5.52","6.1","10.32",26.662,32.65533333,29.194,25.67066667,2002,"ANDHRA PRADESH",7.4,75.56666667,236.7,45.3
"20","TG","Khammam","Enkur","Enkur",17.37916667,80.38055556,"Rajalingala","Dug Well","W04805",2002,"7.8","7.95","8.2","8.3",26.662,32.65533333,29.194,25.67066667,2002,"ANDHRA PRADESH",7.4,75.56666667,236.7,45.3
"21","TG","Khammam","Enkur","Enkur",17.33416667,80.43361111,"Enkur","Bore Well","W04042",2002,"7.95","6.41","10.55","10.2",26.662,32.65533333,29.194,25.67066667,2002,"ANDHRA PRADESH",7.4,75.56666667,236.7,45.3
"22","TG","Khammam","Chandrugonda","Chandrugonda",17.375,80.63333333,"Chandragonda","Dug Well","W04035",2002,"4.01","8.72","8.45","8.68",26.662,32.65533333,29.194,25.67066667,2002,"ANDHRA PRADESH",7.4,75.56666667,236.7,45.3
"23","TG","Khammam","Kamepalli","Kamepalli",17.42083333,80.25416667,"Kothalingala","Dug Well","W04290",2002,"9.84","9.56","8.84","9.84",26.662,32.65533333,29.194,25.67066667,2002,"ANDHRA PRADESH",7.4,75.56666667,236.7,45.3
"24","TG","Khammam","Aswaraopet","Aswaraopet",17.33333333,81.15,"Vinayakapuram","Dug Well","W04789",2002,"8.05","7.96","8.75","8.72",26.662,32.65533333,29.194,25.67066667,2002,"ANDHRA PRADESH",7.4,75.56666667,236.7,45.3
"25","TG","Khammam","Aswaraopet","Aswaraopet",17.39583333,81.08333333,"Aspaka","Dug Well","W03833",2002,"3.21","4.04","2.69","6.05",26.662,32.65533333,29.194,25.67066667,2002,"ANDHRA PRADESH",7.4,75.56666667,236.7,45.3
"26","TG","Khammam","Garla","Garla",17.525,80.14583333,"Garla-1","Bore Well","W04286",2002,"4.18","4.15","4.08","8.6",26.662,32.65533333,29.194,25.67066667,2002,"ANDHRA PRADESH",7.4,75.56666667,236.7,45.3
"27","TG","Khammam","Dammapeta","Dammapeta",17.25944444,81.0125,"Dhammapeta","Dug Well","W04040",2002,".48","3.13","2.83","4.01",26.662,32.65533333,29.194,25.67066667,2002,"ANDHRA PRADESH",7.4,75.56666667,236.7,45.3
"28","TG","Khammam","Garla","Garla",17.4875,80.13777778,"Garla-PZ 1","Bore Well","W04287",2002,"5","7.19","5.64","11.35",26.662,32.65533333,29.194,25.67066667,2002,"ANDHRA PRADESH",7.4,75.56666667,236.7,45.3
"29","TG","Khammam","Garla","Garla",17.49166667,80.14583333,"Kunavaram-1","Dug Well","W04288",2002,"1.95","3.68","3.6","5.65",26.662,32.65533333,29.194,25.67066667,2002,"ANDHRA PRADESH",7.4,75.56666667,236.7,45.3
"30","TG","Khammam","Talada","Thallada",17.21138889,80.53388889,"Kallur1","Dug Well","W04302",2002,".87","1.98","1.8","3.64",26.662,32.65533333,29.194,25.67066667,2002,"ANDHRA PRADESH",7.4,75.56666667,236.7,45.3
"31","TG","Khammam","Santhupalli","Sathupalli",17.1825,80.89305556,"Gangavaram2","Dug Well","W04300",2002,"2.8","6.63","4.95","8.25",26.662,32.65533333,29.194,25.67066667,2002,"ANDHRA PRADESH",7.4,75.56666667,236.7,45.3
"32","TG","Khammam","Santhupalli","Sathupalli",17.21666667,80.86666667,"Kistaram","Dug Well","W04301",2002,"9.9","9.5","9.3","9.9",26.662,32.65533333,29.194,25.67066667,2002,"ANDHRA PRADESH",7.4,75.56666667,236.7,45.3
"33","TG","Khammam","Tirumalayapalem","Tirumalalayapelm",17.29083333,79.92388889,"Nayakangudem1","Dug Well","W04819",2002,"5.16","4.01","4.66","4.09",26.662,32.65533333,29.194,25.67066667,2002,"ANDHRA PRADESH",7.4,75.56666667,236.7,45.3
"34","TG","Khammam","Talada","Thallada",17.21666667,80.425,"Tallada","Dug Well","W04815",2002,".92","2.75","1.85","4.25",26.662,32.65533333,29.194,25.67066667,2002,"ANDHRA PRADESH",7.4,75.56666667,236.7,45.3
"35","TG","Khammam","Penuballi","Penuballi",17.25416667,80.76972222,"Sitarampuram","Dug Well","W04811",2002,"3.93","4.06","3.66","5.54",26.662,32.65533333,29.194,25.67066667,2002,"ANDHRA PRADESH",7.4,75.56666667,236.7,45.3
"36","TG","Khammam","Penuballi","Penuballi",17.20694444,80.76388889,"Sattupalle(pn)","Bore Well","W04810",2002,"10.81","8.28","'0","10.51",26.662,32.65533333,29.194,25.67066667,2002,"ANDHRA PRADESH",7.4,75.56666667,236.7,45.3
"37","TG","Khammam","Penuballi","Penuballi",17.20888889,80.78055556,"Annapareddipalli","Dug Well","W03835",2002,"7.3","8.12","7.9","9.1",26.662,32.65533333,29.194,25.67066667,2002,"ANDHRA PRADESH",7.4,75.56666667,236.7,45.3
"38","TG","Khammam","Pinapaka","Pinapaka",18.125,80.725,"Edira","Dug Well","W04043",2002,"'0","6.49","4.6","9.5",26.662,32.65533333,29.194,25.67066667,2002,"ANDHRA PRADESH",7.4,75.56666667,236.7,45.3
"39","TG","Khammam","Cherla","Cherla",18.03333333,80.85,"Tegad","Dug Well","W04795",2002,"8.27","11.27","10.82","13.32",26.662,32.65533333,29.194,25.67066667,2002,"ANDHRA PRADESH",7.4,75.56666667,236.7,45.3
"40","TG","Khammam","Cherla","Cherla",18.04166667,80.85,"Cherla","Bore Well","W04037",2002,"'0","18.88","21.65","21.62",26.662,32.65533333,29.194,25.67066667,2002,"ANDHRA PRADESH",7.4,75.56666667,236.7,45.3
"41","TG","Khammam","Wazeed","Wazeedu",18.3,80.55,"Venkatapuram2","Dug Well","W04822",2002,"'0","9.77","9.18","11.8",26.662,32.65533333,29.194,25.67066667,2002,"ANDHRA PRADESH",7.4,75.56666667,236.7,45.3
"42","TG","Khammam","Wazeed","Wazeedu",18.375,80.53333333,"Pragallapalle","Dug Well","W04821",2002,"'0","2.33","2.1","3.34",26.662,32.65533333,29.194,25.67066667,2002,"ANDHRA PRADESH",7.4,75.56666667,236.7,45.3
"43","TG","Khammam","Kusumanchi","Kusumanchi",17.225,80.05,"Tallampad","Dug Well","W04807",2002,"3.45","3.7","6.75","5.43",26.662,32.65533333,29.194,25.67066667,2002,"ANDHRA PRADESH",7.4,75.56666667,236.7,45.3
"44","TG","Khammam","Julurpad","Julurpad",17.49166667,80.50833333,"Sujatanagaram","Dug Well","W04806",2002,"4.8","7.05","9.85","9.93",26.662,32.65533333,29.194,25.67066667,2002,"ANDHRA PRADESH",7.4,75.56666667,236.7,45.3
"45","TG","Khammam","Nelakondapalli","Nelakondapalli",17.06666667,80.01666667,"Madharam","Bore Well","W04809",2002,"1.15","4.53","7.7","8.8",26.662,32.65533333,29.194,25.67066667,2002,"ANDHRA PRADESH",7.4,75.56666667,236.7,45.3
"46","TG","Khammam","Warangal","Madhira",16.91666667,80.35694444,"Sampathnagar","Dug Well","W04820",2002,"2.9","5.12","4.9","7.45",26.662,32.65533333,29.194,25.67066667,2002,"ANDHRA PRADESH",7.4,75.56666667,236.7,45.3
"47","TG","Khammam","Chandrugonda","Chandrugonda",17.31666667,80.73333333,"Erragunta","Dug Well","W04036",2002,"6.59","6.59","6.37","6.59",26.662,32.65533333,29.194,25.67066667,2002,"ANDHRA PRADESH",7.4,75.56666667,236.7,45.3
"48","TG","Khammam","Aswapuram","Aswapuram",17.85444444,80.89527778,"Dummagudem","Dug Well","W04034",2002,"7.47","9.16","8.85","10.33",26.662,32.65533333,29.194,25.67066667,2002,"ANDHRA PRADESH",7.4,75.56666667,236.7,45.3
"49","TG","Khammam","Bhadrachalam","Bhadrachalam",17.65444444,81.07611111,"Thotapally","Dug Well","W04792",2002,"13.3","7.57","14.75","15.09",26.662,32.65533333,29.194,25.67066667,2002,"ANDHRA PRADESH",7.4,75.56666667,236.7,45.3
"50","TG","Khammam","Kothagudem","Kothagudem",17.54583333,80.65,"Kottagudem","Dug Well","W04295",2002,"6.07","6.76","7.22","6.89",26.662,32.65533333,29.194,25.67066667,2002,"ANDHRA PRADESH",7.4,75.56666667,236.7,45.3
"51","TG","Khammam","Burgampahad","Burgampahad",17.66666667,80.88333333,"Badrachalam","Dug Well","W03914",2001,"3.03","6.8","5.23","9.28",26.74966667,31.938,29.08833333,26.04433333,2001,"ANDHRA PRADESH",7.4,75.56666667,236.7,45.3
"52","TG","Khammam","Cherla","Dummagudem",17.91666667,80.91666667,"Parnasala","Dug Well","W04793",2001,"6.3","8.81","8.52","9.6",26.74966667,31.938,29.08833333,26.04433333,2001,"ANDHRA PRADESH",7.4,75.56666667,236.7,45.3
"53","TG","Khammam","Palvancha","Palwancha",17.59444444,80.71666667,"Kesavapuram","Dug Well","W04299",2001,"3.91","5.1","4.54","8.87",26.74966667,31.938,29.08833333,26.04433333,2001,"ANDHRA PRADESH",7.4,75.56666667,236.7,45.3
"54","TG","Khammam","Chintur","Chintur",17.83333333,81.66666667,"Mothugundam","Dug Well","W04797",2001,".27","1.42","1.03","1.65",26.74966667,31.938,29.08833333,26.04433333,2001,"ANDHRA PRADESH",7.4,75.56666667,236.7,45.3
"55","TG","Khammam","Chintur","Chintur",17.74166667,81.52333333,"Lakkavaram","Dug Well","W04796",2001,"2.13","6.02","5.55","5.9",26.74966667,31.938,29.08833333,26.04433333,2001,"ANDHRA PRADESH",7.4,75.56666667,236.7,45.3
"56","TG","Khammam","Chintur","Chintur",17.75,81.58333333,"Chinturu","Dug Well","W04038",2001,"1.6","4.63","4.21","6.81",26.74966667,31.938,29.08833333,26.04433333,2001,"ANDHRA PRADESH",7.4,75.56666667,236.7,45.3
"57","TG","Khammam","Chintur","Chintur",17.75444444,81.17138889,"Edugarallapalli","Dug Well","W04039",2001,"3.07","5.54","4.65","7.5",26.74966667,31.938,29.08833333,26.04433333,2001,"ANDHRA PRADESH",7.4,75.56666667,236.7,45.3
"58","TG","Khammam","Chintur","Chintur",17.775,81.28611111,"Sarivela","Dug Well","W04799",2001,"2.16","3.41","3.05","4.7",26.74966667,31.938,29.08833333,26.04433333,2001,"ANDHRA PRADESH",7.4,75.56666667,236.7,45.3
"59","TG","Khammam","Tekulapalli","Tekulapalli",17.57361111,80.62916667,"Kothagudem-1","Tube Well","W04303",2001,"14.61","4.68","2.93","'0",26.74966667,31.938,29.08833333,26.04433333,2001,"ANDHRA PRADESH",7.4,75.56666667,236.7,45.3
"60","TG","Khammam","Bayyaram","Bayyaram",17.6,80.15,"Gandhampally","Dug Well","W04281",2001,"3.81","4.24","2.1","7.1",26.74966667,31.938,29.08833333,26.04433333,2001,"ANDHRA PRADESH",7.4,75.56666667,236.7,45.3
"61","TG","Khammam","Bayyaram","Bayyaram",17.56666667,80.24166667,"Nehrunagar","Dug Well","W04790",2001,"4.17","8.87","5.91","11.2",26.74966667,31.938,29.08833333,26.04433333,2001,"ANDHRA PRADESH",7.4,75.56666667,236.7,45.3
"62","TG","Khammam","Yellandu","Yellandu",17.61611111,80.35416667,"Yellanadu","Dug Well","W04823",2001,"3.99","4.21","7.96","8.06",26.74966667,31.938,29.08833333,26.04433333,2001,"ANDHRA PRADESH",7.4,75.56666667,236.7,45.3
"63","TG","Khammam","Bhadrachalam","Bhadrachalam",17.73333333,81.1,"Lakshmipuram","Dug Well","W04791",2001,"3.62","6.62","5.82","7.7",26.74966667,31.938,29.08833333,26.04433333,2001,"ANDHRA PRADESH",7.4,75.56666667,236.7,45.3
"64","TG","Khammam","Dammapeta","Dammapeta",17.30416667,80.92083333,"Gandugulapalli-2","Tube Well","W04283",2001,"'0","15.93","15.1","12.7",26.74966667,31.938,29.08833333,26.04433333,2001,"ANDHRA PRADESH",7.4,75.56666667,236.7,45.3
"65","TG","Khammam","Malkalapalli","Mulakalapalli",17.43333333,80.875,"Jagannathapuram","Dug Well","W04298",2001,"5.88","6.06","5.56","7.41",26.74966667,31.938,29.08833333,26.04433333,2001,"ANDHRA PRADESH",7.4,75.56666667,236.7,45.3
"66","TG","Khammam","Tekulapalli","Tekulapalli",17.61666667,80.50833333,"Madira1","Bore Well","W04816",2001,"3.74","2.81","'0","'0",26.74966667,31.938,29.08833333,26.04433333,2001,"ANDHRA PRADESH",7.4,75.56666667,236.7,45.3
"67","TG","Khammam","Tekulapalli","Tekulapalli",17.56666667,80.5,"Tekulapally","Dug Well","W04818",2001,"3.42","7.01","6.84","5.35",26.74966667,31.938,29.08833333,26.04433333,2001,"ANDHRA PRADESH",7.4,75.56666667,236.7,45.3
"68","TG","Khammam","Enkur","Enkur",17.37916667,80.38055556,"Rajalingala","Dug Well","W04805",2001,"5.32","6.89","7.1","9.7",26.74966667,31.938,29.08833333,26.04433333,2001,"ANDHRA PRADESH",7.4,75.56666667,236.7,45.3
"69","TG","Khammam","Enkur","Enkur",17.33416667,80.43361111,"Enkur","Bore Well","W04042",2001,"12.27","2.57","6.35","8.25",26.74966667,31.938,29.08833333,26.04433333,2001,"ANDHRA PRADESH",7.4,75.56666667,236.7,45.3
"70","TG","Khammam","Chandrugonda","Chandrugonda",17.375,80.63333333,"Chandragonda","Dug Well","W04035",2001,"5.52","'0","9.2","9.98",26.74966667,31.938,29.08833333,26.04433333,2001,"ANDHRA PRADESH",7.4,75.56666667,236.7,45.3
"71","TG","Khammam","Kamepalli","Kamepalli",17.42083333,80.25416667,"Kothalingala","Dug Well","W04290",2001,"9.84","6.91","9.84","9.84",26.74966667,31.938,29.08833333,26.04433333,2001,"ANDHRA PRADESH",7.4,75.56666667,236.7,45.3
"72","TG","Khammam","Aswaraopet","Aswaraopet",17.33333333,81.15,"Vinayakapuram","Dug Well","W04789",2001,"7.25","5.33","7.9","7.15",26.74966667,31.938,29.08833333,26.04433333,2001,"ANDHRA PRADESH",7.4,75.56666667,236.7,45.3
"73","TG","Khammam","Aswaraopet","Aswaraopet",17.39583333,81.08333333,"Aspaka","Dug Well","W03833",2001,"5.22","2.73","2.57","'0",26.74966667,31.938,29.08833333,26.04433333,2001,"ANDHRA PRADESH",7.4,75.56666667,236.7,45.3
"74","TG","Khammam","Garla","Garla",17.525,80.14583333,"Garla-1","Bore Well","W04286",2001,"'0","3.97","3.3","6.66",26.74966667,31.938,29.08833333,26.04433333,2001,"ANDHRA PRADESH",7.4,75.56666667,236.7,45.3
"75","TG","Khammam","Dammapeta","Dammapeta",17.25944444,81.0125,"Dhammapeta","Dug Well","W04040",2001,".61","3.4","3.13","2.63",26.74966667,31.938,29.08833333,26.04433333,2001,"ANDHRA PRADESH",7.4,75.56666667,236.7,45.3
"76","TG","Khammam","Garla","Garla",17.4875,80.13777778,"Garla-PZ 1","Bore Well","W04287",2001,"2.01","7.06","4.2","9.45",26.74966667,31.938,29.08833333,26.04433333,2001,"ANDHRA PRADESH",7.4,75.56666667,236.7,45.3
"77","TG","Khammam","Garla","Garla",17.49166667,80.14583333,"Kunavaram-1","Dug Well","W04288",2001,"4.07","3.53","2.93","5.62",26.74966667,31.938,29.08833333,26.04433333,2001,"ANDHRA PRADESH",7.4,75.56666667,236.7,45.3
"78","TG","Khammam","Talada","Thallada",17.21138889,80.53388889,"Kallur1","Dug Well","W04302",2001,".22","2.17",".85","4.18",26.74966667,31.938,29.08833333,26.04433333,2001,"ANDHRA PRADESH",7.4,75.56666667,236.7,45.3
"79","TG","Khammam","Santhupalli","Sathupalli",17.1825,80.89305556,"Gangavaram2","Dug Well","W04300",2001,"3.57","4.61","5.05","2.85",26.74966667,31.938,29.08833333,26.04433333,2001,"ANDHRA PRADESH",7.4,75.56666667,236.7,45.3
"80","TG","Khammam","Santhupalli","Sathupalli",17.21666667,80.86666667,"Kistaram","Dug Well","W04301",2001,"1.05","6","9.9","9.9",26.74966667,31.938,29.08833333,26.04433333,2001,"ANDHRA PRADESH",7.4,75.56666667,236.7,45.3
"81","TG","Khammam","Tirumalayapalem","Tirumalalayapelm",17.29083333,79.92388889,"Nayakangudem1","Dug Well","W04819",2001,"4.38","2.9","3.8","5.09",26.74966667,31.938,29.08833333,26.04433333,2001,"ANDHRA PRADESH",7.4,75.56666667,236.7,45.3
"82","TG","Khammam","Talada","Thallada",17.21666667,80.425,"Tallada","Dug Well","W04815",2001,".7","2.52","1.55","2.55",26.74966667,31.938,29.08833333,26.04433333,2001,"ANDHRA PRADESH",7.4,75.56666667,236.7,45.3
"83","TG","Khammam","Penuballi","Penuballi",17.25416667,80.76972222,"Sitarampuram","Dug Well","W04811",2001,"1.77","4.05","3.64","5.84",26.74966667,31.938,29.08833333,26.04433333,2001,"ANDHRA PRADESH",7.4,75.56666667,236.7,45.3
"84","TG","Khammam","Penuballi","Penuballi",17.20694444,80.76388889,"Sattupalle(pn)","Bore Well","W04810",2001,"7.67","4.64","7.66","9.96",26.74966667,31.938,29.08833333,26.04433333,2001,"ANDHRA PRADESH",7.4,75.56666667,236.7,45.3
"85","TG","Khammam","Penuballi","Penuballi",17.20888889,80.78055556,"Annapareddipalli","Dug Well","W03835",2001,"3.03","7.32","7.73","9.4",26.74966667,31.938,29.08833333,26.04433333,2001,"ANDHRA PRADESH",7.4,75.56666667,236.7,45.3
"86","TG","Khammam","Pinapaka","Pinapaka",18.125,80.725,"Edira","Dug Well","W04043",2001,"'0","5.55","5.1","9.9",26.74966667,31.938,29.08833333,26.04433333,2001,"ANDHRA PRADESH",7.4,75.56666667,236.7,45.3
"87","TG","Khammam","Cherla","Cherla",18.03333333,80.85,"Tegad","Dug Well","W04795",2001,"7.03","10.65","10.22","9.62",26.74966667,31.938,29.08833333,26.04433333,2001,"ANDHRA PRADESH",7.4,75.56666667,236.7,45.3
"88","TG","Khammam","Cherla","Cherla",18.04166667,80.85,"Cherla","Bore Well","W04037",2001,"'0","11.71","16.45","15.88",26.74966667,31.938,29.08833333,26.04433333,2001,"ANDHRA PRADESH",7.4,75.56666667,236.7,45.3
"89","TG","Khammam","Wazeed","Wazeedu",18.3,80.55,"Venkatapuram2","Dug Well","W04822",2001,"'0","8.79","7.95","12.2",26.74966667,31.938,29.08833333,26.04433333,2001,"ANDHRA PRADESH",7.4,75.56666667,236.7,45.3
"90","TG","Khammam","Wazeed","Wazeedu",18.375,80.53333333,"Pragallapalle","Dug Well","W04821",2001,"'0","3.57","1.42","3.13",26.74966667,31.938,29.08833333,26.04433333,2001,"ANDHRA PRADESH",7.4,75.56666667,236.7,45.3
"91","TG","Khammam","Kusumanchi","Kusumanchi",17.225,80.05,"Tallampad","Dug Well","W04807",2001,"5.36","3.44","4.4","6.48",26.74966667,31.938,29.08833333,26.04433333,2001,"ANDHRA PRADESH",7.4,75.56666667,236.7,45.3
"92","TG","Khammam","Julurpad","Julurpad",17.49166667,80.50833333,"Sujatanagaram","Dug Well","W04806",2001,"7.03","5","6.68","8.58",26.74966667,31.938,29.08833333,26.04433333,2001,"ANDHRA PRADESH",7.4,75.56666667,236.7,45.3
"93","TG","Khammam","Nelakondapalli","Nelakondapalli",17.06666667,80.01666667,"Madharam","Bore Well","W04809",2001,"2.21","3.75","3.1","6.2",26.74966667,31.938,29.08833333,26.04433333,2001,"ANDHRA PRADESH",7.4,75.56666667,236.7,45.3
"94","TG","Khammam","Warangal","Madhira",16.91666667,80.35694444,"Sampathnagar","Dug Well","W04820",2001,"5.29","4.36","4.92","4.08",26.74966667,31.938,29.08833333,26.04433333,2001,"ANDHRA PRADESH",7.4,75.56666667,236.7,45.3
"95","TG","Khammam","Chandrugonda","Chandrugonda",17.31666667,80.73333333,"Erragunta","Dug Well","W04036",2001,"4.68","3.49","5.26","6.59",26.74966667,31.938,29.08833333,26.04433333,2001,"ANDHRA PRADESH",7.4,75.56666667,236.7,45.3
"96","TG","Khammam","Aswapuram","Aswapuram",17.85444444,80.89527778,"Dummagudem","Dug Well","W04034",2001,"5.8","9.51","8.07","10.28",26.74966667,31.938,29.08833333,26.04433333,2001,"ANDHRA PRADESH",7.4,75.56666667,236.7,45.3
"97","TG","Khammam","Bhadrachalam","Bhadrachalam",17.65444444,81.07611111,"Thotapally","Dug Well","W04792",2001,".46","5.69","5.72","7.42",26.74966667,31.938,29.08833333,26.04433333,2001,"ANDHRA PRADESH",7.4,75.56666667,236.7,45.3
"98","TG","Khammam","Kothagudem","Kothagudem",17.54583333,80.65,"Kottagudem","Dug Well","W04295",2001,"5.55","6.46","6.87","7.07",26.74966667,31.938,29.08833333,26.04433333,2001,"ANDHRA PRADESH",7.4,75.56666667,236.7,45.3
"99","TG","Khammam","Dummagudem","Dummagudem",17.78333333,80.9,"Etapaka(bh)","Bore Well","W04041",2000,"'0","'0","'0","2.77",26.60033333,31.969,28.54333333,25.84833333,2000,"ANDHRA PRADESH",7.4,75.56666667,236.7,45.3
"100","TG","Khammam","Cherla","Dummagudem",17.91666667,80.91666667,"Parnasala","Dug Well","W04793",2000,"7.25","10.38","8.43","9.52",26.60033333,31.969,28.54333333,25.84833333,2000,"ANDHRA PRADESH",7.4,75.56666667,236.7,45.3
"101","TG","Khammam","Kothagudem","Kothagudem",17.54583333,80.65,"Kottagudem","Dug Well","W04295",2000,"6.2","7.24","6.39","6.24",26.60033333,31.969,28.54333333,25.84833333,2000,"ANDHRA PRADESH",7.4,75.56666667,236.7,45.3
"102","TG","Khammam","Palvancha","Palwancha",17.59444444,80.71666667,"Kesavapuram","Dug Well","W04299",2000,"2.69","7.26","4.46","8.36",26.60033333,31.969,28.54333333,25.84833333,2000,"ANDHRA PRADESH",7.4,75.56666667,236.7,45.3
"103","TG","Khammam","Chintur","Chintur",17.83333333,81.66666667,"Mothugundam","Dug Well","W04797",2000,".55","'0","1.1","1.58",26.60033333,31.969,28.54333333,25.84833333,2000,"ANDHRA PRADESH",7.4,75.56666667,236.7,45.3
"104","TG","Khammam","Chintur","Chintur",17.74166667,81.52333333,"Lakkavaram","Dug Well","W04796",2000,"1.85","'0","4.45","7.25",26.60033333,31.969,28.54333333,25.84833333,2000,"ANDHRA PRADESH",7.4,75.56666667,236.7,45.3
"105","TG","Khammam","Chintur","Chintur",17.75,81.58333333,"Chinturu","Dug Well","W04038",2000,"1.96","'0","3.66","6.01",26.60033333,31.969,28.54333333,25.84833333,2000,"ANDHRA PRADESH",7.4,75.56666667,236.7,45.3
"106","TG","Khammam","Chintur","Chintur",17.75444444,81.17138889,"Edugarallapalli","Dug Well","W04039",2000,"3.2","'0","4.62","6.03",26.60033333,31.969,28.54333333,25.84833333,2000,"ANDHRA PRADESH",7.4,75.56666667,236.7,45.3
"107","TG","Khammam","Chintur","Chintur",17.775,81.28611111,"Sarivela","Dug Well","W04799",2000,"2.63","'0","3","4.66",26.60033333,31.969,28.54333333,25.84833333,2000,"ANDHRA PRADESH",7.4,75.56666667,236.7,45.3
"108","TG","Khammam","Tekulapalli","Tekulapalli",17.57361111,80.62916667,"Kothagudem-1","Tube Well","W04303",2000,"9.15","'0","14.72","14.95",26.60033333,31.969,28.54333333,25.84833333,2000,"ANDHRA PRADESH",7.4,75.56666667,236.7,45.3
"109","TG","Khammam","Bayyaram","Bayyaram",17.6,80.15,"Gandhampally","Dug Well","W04281",2000,"1.83","7.28","3.42","7.88",26.60033333,31.969,28.54333333,25.84833333,2000,"ANDHRA PRADESH",7.4,75.56666667,236.7,45.3
"110","TG","Khammam","Bayyaram","Bayyaram",17.56666667,80.24166667,"Nehrunagar","Dug Well","W04790",2000,"4.7","13.15","6.8","7.77",26.60033333,31.969,28.54333333,25.84833333,2000,"ANDHRA PRADESH",7.4,75.56666667,236.7,45.3
"111","TG","Khammam","Yellandu","Yellandu",17.61611111,80.35416667,"Yellanadu","Dug Well","W04823",2000,"3.52","8.12","3.9","6.26",26.60033333,31.969,28.54333333,25.84833333,2000,"ANDHRA PRADESH",7.4,75.56666667,236.7,45.3
"112","TG","Khammam","Yellandu","Yellandu",17.575,80.3375,"Yellandu-1","Bore Well","W04824",2000,"2.1","'0","'0","'0",26.60033333,31.969,28.54333333,25.84833333,2000,"ANDHRA PRADESH",7.4,75.56666667,236.7,45.3
"113","TG","Khammam","Bhadrachalam","Bhadrachalam",17.73333333,81.1,"Lakshmipuram","Dug Well","W04791",2000,"3.25","'0","5.05","7.9",26.60033333,31.969,28.54333333,25.84833333,2000,"ANDHRA PRADESH",7.4,75.56666667,236.7,45.3
"114","TG","Khammam","Dammapeta","Dammapeta",17.30416667,80.92083333,"Gandugulapalli-2","Tube Well","W04283",2000,"6.26","'0","13.73","15.72",26.60033333,31.969,28.54333333,25.84833333,2000,"ANDHRA PRADESH",7.4,75.56666667,236.7,45.3
"115","TG","Khammam","Malkalapalli","Mulakalapalli",17.43333333,80.875,"Jagannathapuram","Dug Well","W04298",2000,"3.71","6.85","4.71","6.74",26.60033333,31.969,28.54333333,25.84833333,2000,"ANDHRA PRADESH",7.4,75.56666667,236.7,45.3
"116","TG","Khammam","Tekulapalli","Tekulapalli",17.61666667,80.50833333,"Madira1","Bore Well","W04816",2000,".1","'0","2.08","4.28",26.60033333,31.969,28.54333333,25.84833333,2000,"ANDHRA PRADESH",7.4,75.56666667,236.7,45.3
"117","TG","Khammam","Tekulapalli","Tekulapalli",17.56666667,80.5,"Tekulapally","Dug Well","W04818",2000,"4.04","7.53","5.95","7.75",26.60033333,31.969,28.54333333,25.84833333,2000,"ANDHRA PRADESH",7.4,75.56666667,236.7,45.3
"118","TG","Khammam","Enkur","Enkur",17.37916667,80.38055556,"Rajalingala","Dug Well","W04805",2000,"5.7","7.95","6.4","8.02",26.60033333,31.969,28.54333333,25.84833333,2000,"ANDHRA PRADESH",7.4,75.56666667,236.7,45.3
"119","TG","Khammam","Enkur","Enkur",17.33416667,80.43361111,"Enkur","Bore Well","W04042",2000,"1.97","5.38","2.23","2.66",26.60033333,31.969,28.54333333,25.84833333,2000,"ANDHRA PRADESH",7.4,75.56666667,236.7,45.3
"120","TG","Khammam","Chandrugonda","Chandrugonda",17.375,80.63333333,"Chandragonda","Dug Well","W04035",2000,"2.83","8.15","7.55","2.86",26.60033333,31.969,28.54333333,25.84833333,2000,"ANDHRA PRADESH",7.4,75.56666667,236.7,45.3
"121","TG","Khammam","Kamepalli","Kamepalli",17.42083333,80.25416667,"Kothalingala","Dug Well","W04290",2000,"3.58","9.05","4.86","'0",26.60033333,31.969,28.54333333,25.84833333,2000,"ANDHRA PRADESH",7.4,75.56666667,236.7,45.3
"122","TG","Khammam","Aswaraopet","Aswaraopet",17.33333333,81.15,"Vinayakapuram","Dug Well","W04789",2000,"3.05","7.15","3.87","7.79",26.60033333,31.969,28.54333333,25.84833333,2000,"ANDHRA PRADESH",7.4,75.56666667,236.7,45.3
"123","TG","Khammam","Aswaraopet","Aswaraopet",17.39583333,81.08333333,"Aspaka","Dug Well","W03833",2000,"1.72","4.3","2.14","5.94",26.60033333,31.969,28.54333333,25.84833333,2000,"ANDHRA PRADESH",7.4,75.56666667,236.7,45.3
"124","TG","Khammam","Garla","Garla",17.525,80.14583333,"Garla-1","Bore Well","W04286",2000,"2.36","'0","2.65","'0",26.60033333,31.969,28.54333333,25.84833333,2000,"ANDHRA PRADESH",7.4,75.56666667,236.7,45.3
"125","TG","Khammam","Dammapeta","Dammapeta",17.25944444,81.0125,"Dhammapeta","Dug Well","W04040",2000,"3.26","3.2","1.78","5.78",26.60033333,31.969,28.54333333,25.84833333,2000,"ANDHRA PRADESH",7.4,75.56666667,236.7,45.3
"126","TG","Khammam","Garla","Garla",17.4875,80.13777778,"Garla-PZ 1","Bore Well","W04287",2000,"1.86","'0","3.73","8.82",26.60033333,31.969,28.54333333,25.84833333,2000,"ANDHRA PRADESH",7.4,75.56666667,236.7,45.3
"127","TG","Khammam","Garla","Garla",17.49166667,80.14583333,"Kunavaram-1","Dug Well","W04288",2000,".95","6.72","2.8","4.6",26.60033333,31.969,28.54333333,25.84833333,2000,"ANDHRA PRADESH",7.4,75.56666667,236.7,45.3
"128","TG","Khammam","Talada","Thallada",17.21138889,80.53388889,"Kallur1","Dug Well","W04302",2000,".65","3.32","1.58","4.61",26.60033333,31.969,28.54333333,25.84833333,2000,"ANDHRA PRADESH",7.4,75.56666667,236.7,45.3
"129","TG","Khammam","Santhupalli","Sathupalli",17.1825,80.89305556,"Gangavaram2","Dug Well","W04300",2000,"1.25","6.25","3.11","8.65",26.60033333,31.969,28.54333333,25.84833333,2000,"ANDHRA PRADESH",7.4,75.56666667,236.7,45.3
"130","TG","Khammam","Santhupalli","Sathupalli",17.21666667,80.86666667,"Kistaram","Dug Well","W04301",2000,"3.2","8.28","4","'0",26.60033333,31.969,28.54333333,25.84833333,2000,"ANDHRA PRADESH",7.4,75.56666667,236.7,45.3
"131","TG","Khammam","Tirumalayapalem","Tirumalalayapelm",17.29083333,79.92388889,"Nayakangudem1","Dug Well","W04819",2000,"2.06","4.6","2.96","3.98",26.60033333,31.969,28.54333333,25.84833333,2000,"ANDHRA PRADESH",7.4,75.56666667,236.7,45.3
"132","TG","Khammam","Dammapeta","Dammapeta",17.34583333,80.96666667,"Patwarigudem","Dug Well","W04800",2000,"'0","'0","'0","7.5",26.60033333,31.969,28.54333333,25.84833333,2000,"ANDHRA PRADESH",7.4,75.56666667,236.7,45.3
"133","TG","Khammam","Talada","Thallada",17.21666667,80.425,"Tallada","Dug Well","W04815",2000,".7","2.92","1.57","4.77",26.60033333,31.969,28.54333333,25.84833333,2000,"ANDHRA PRADESH",7.4,75.56666667,236.7,45.3
"134","TG","Khammam","Penuballi","Penuballi",17.25416667,80.76972222,"Sitarampuram","Dug Well","W04811",2000,"2.31","'0","3.91","5.7",26.60033333,31.969,28.54333333,25.84833333,2000,"ANDHRA PRADESH",7.4,75.56666667,236.7,45.3
"135","TG","Khammam","Penuballi","Penuballi",17.20694444,80.76388889,"Sattupalle(pn)","Bore Well","W04810",2000,"2.96","5.72","3.51","7.72",26.60033333,31.969,28.54333333,25.84833333,2000,"ANDHRA PRADESH",7.4,75.56666667,236.7,45.3
"136","TG","Khammam","Penuballi","Penuballi",17.20888889,80.78055556,"Annapareddipalli","Dug Well","W03835",2000,"4.2","4.75","6.15","8.65",26.60033333,31.969,28.54333333,25.84833333,2000,"ANDHRA PRADESH",7.4,75.56666667,236.7,45.3
"137","TG","Khammam","Pinapaka","Pinapaka",18.125,80.725,"Edira","Dug Well","W04043",2000,"1.95","8.78","3.92","7.9",26.60033333,31.969,28.54333333,25.84833333,2000,"ANDHRA PRADESH",7.4,75.56666667,236.7,45.3
"138","TG","Khammam","Pinapaka","Pinapaka",18.05555556,80.74583333,"Yedulla Bayyaram-PZ 2","Tube Well","W04812",2000,"'0","'0","6.85","'0",26.60033333,31.969,28.54333333,25.84833333,2000,"ANDHRA PRADESH",7.4,75.56666667,236.7,45.3
"139","TG","Khammam","Cherla","Cherla",18.03333333,80.85,"Tegad","Dug Well","W04795",2000,"6.47","11.88","8.19","13.57",26.60033333,31.969,28.54333333,25.84833333,2000,"ANDHRA PRADESH",7.4,75.56666667,236.7,45.3
"140","TG","Khammam","Cherla","Cherla",18.04166667,80.85,"Cherla","Bore Well","W04037",2000,"6.25","'0","9.65","'0",26.60033333,31.969,28.54333333,25.84833333,2000,"ANDHRA PRADESH",7.4,75.56666667,236.7,45.3
"141","TG","Khammam","Wazeed","Wazeedu",18.3,80.55,"Venkatapuram2","Dug Well","W04822",2000,"4.6","8.73","7.3","10.2",26.60033333,31.969,28.54333333,25.84833333,2000,"ANDHRA PRADESH",7.4,75.56666667,236.7,45.3
"142","TG","Khammam","Wazeed","Wazeedu",18.375,80.53333333,"Pragallapalle","Dug Well","W04821",2000,"4.21","3.58","1.39","1.8",26.60033333,31.969,28.54333333,25.84833333,2000,"ANDHRA PRADESH",7.4,75.56666667,236.7,45.3
"143","TG","Khammam","Kusumanchi","Kusumanchi",17.225,80.05,"Tallampad","Dug Well","W04807",2000,"1.45","5.67","1.5","6.47",26.60033333,31.969,28.54333333,25.84833333,2000,"ANDHRA PRADESH",7.4,75.56666667,236.7,45.3
"144","TG","Khammam","Julurpad","Julurpad",17.49166667,80.50833333,"Sujatanagaram","Dug Well","W04806",2000,"2.85","6.82","4.84","8.42",26.60033333,31.969,28.54333333,25.84833333,2000,"ANDHRA PRADESH",7.4,75.56666667,236.7,45.3
"145","TG","Khammam","Nelakondapalli","Nelakondapalli",17.06666667,80.01666667,"Madharam","Bore Well","W04809",2000,".8","'0","2.05","5.5",26.60033333,31.969,28.54333333,25.84833333,2000,"ANDHRA PRADESH",7.4,75.56666667,236.7,45.3
"146","TG","Khammam","Warangal","Madhira",16.91666667,80.35694444,"Sampathnagar","Dug Well","W04820",2000,"2.25","5.1","3.38","6.25",26.60033333,31.969,28.54333333,25.84833333,2000,"ANDHRA PRADESH",7.4,75.56666667,236.7,45.3
"147","TG","Khammam","Yerrupalem","Yerrupalem",16.83333333,80.47222222,"Yerrupalem","Dug Well","W04826",2000,"'0","'0","'0","2.37",26.60033333,31.969,28.54333333,25.84833333,2000,"ANDHRA PRADESH",7.4,75.56666667,236.7,45.3
"148","TG","Khammam","Chandrugonda","Chandrugonda",17.31666667,80.73333333,"Erragunta","Dug Well","W04036",2000,"1.17","4.7","1.83","'0",26.60033333,31.969,28.54333333,25.84833333,2000,"ANDHRA PRADESH",7.4,75.56666667,236.7,45.3
"149","TG","Khammam","Aswapuram","Aswapuram",17.85444444,80.89527778,"Dummagudem","Dug Well","W04034",2000,"7.05","9.58","8.8","2.15",26.60033333,31.969,28.54333333,25.84833333,2000,"ANDHRA PRADESH",7.4,75.56666667,236.7,45.3
"150","TG","Khammam","Bhadrachalam","Bhadrachalam",17.65444444,81.07611111,"Thotapally","Dug Well","W04792",2000,"3.22","'0","4.8","14.57",26.60033333,31.969,28.54333333,25.84833333,2000,"ANDHRA PRADESH",7.4,75.56666667,236.7,45.3
"151","TG","Khammam","Burgampahad","Burgampahad",17.66666667,80.88333333,"Badrachalam","Dug Well","W03914",2000,"1.83","5.8","4.29","8.72",26.60033333,31.969,28.54333333,25.84833333,2000,"ANDHRA PRADESH",7.4,75.56666667,236.7,45.3
"152","TG","Khammam","Tekulapalli","Tekulapalli",17.57361111,80.62916667,"Kothagudem-1","Tube Well","W04303",1999,"10.49","'0","'0","'0",26.36833333,32.14166667,28.672,25.567,1999,"ANDHRA PRADESH",7.4,75.56666667,236.7,45.3
"153","TG","Khammam","Penuballi","Penuballi",17.20694444,80.76388889,"Sattupalle(pn)","Bore Well","W04810",1999,"'0","4.55","'0","7.63",26.36833333,32.14166667,28.672,25.567,1999,"ANDHRA PRADESH",7.4,75.56666667,236.7,45.3
"154","TG","Khammam","Bayyaram","Bayyaram",17.56666667,80.24166667,"Nehrunagar","Dug Well","W04790",1999,"8.24","13.9","8.1","13.19",26.36833333,32.14166667,28.672,25.567,1999,"ANDHRA PRADESH",7.4,75.56666667,236.7,45.3
"155","TG","Khammam","Yellandu","Yellandu",17.61611111,80.35416667,"Yellanadu","Dug Well","W04823",1999,"4.98","4.62","4.85","4.22",26.36833333,32.14166667,28.672,25.567,1999,"ANDHRA PRADESH",7.4,75.56666667,236.7,45.3
"156","TG","Khammam","Yellandu","Yellandu",17.575,80.3375,"Yellandu-1","Bore Well","W04824",1999,"1.82","'0","'0","'0",26.36833333,32.14166667,28.672,25.567,1999,"ANDHRA PRADESH",7.4,75.56666667,236.7,45.3
"157","TG","Khammam","Bhadrachalam","Bhadrachalam",17.73333333,81.1,"Lakshmipuram","Dug Well","W04791",1999,"3.36","7.45","4.55","8.19",26.36833333,32.14166667,28.672,25.567,1999,"ANDHRA PRADESH",7.4,75.56666667,236.7,45.3
"158","TG","Khammam","Kothagudem","Kothagudem",17.54583333,80.65,"Kottagudem","Dug Well","W04295",1999,"5.53","7.36","6.95","7.33",26.36833333,32.14166667,28.672,25.567,1999,"ANDHRA PRADESH",7.4,75.56666667,236.7,45.3
"159","TG","Khammam","Palvancha","Palwancha",17.59444444,80.71666667,"Kesavapuram","Dug Well","W04299",1999,"2.94","5.07","3.71","8.88",26.36833333,32.14166667,28.672,25.567,1999,"ANDHRA PRADESH",7.4,75.56666667,236.7,45.3
"160","TG","Khammam","Chintur","Chintur",17.83333333,81.66666667,"Mothugundam","Dug Well","W04797",1999,"1.42","2.05","2","4.2",26.36833333,32.14166667,28.672,25.567,1999,"ANDHRA PRADESH",7.4,75.56666667,236.7,45.3
"161","TG","Khammam","Chintur","Chintur",17.74166667,81.52333333,"Lakkavaram","Dug Well","W04796",1999,"1.1","4.6","3.7","8.3",26.36833333,32.14166667,28.672,25.567,1999,"ANDHRA PRADESH",7.4,75.56666667,236.7,45.3
"162","TG","Khammam","Chintur","Chintur",17.75,81.58333333,"Chinturu","Dug Well","W04038",1999,"1.45","5.5","3.47","7.42",26.36833333,32.14166667,28.672,25.567,1999,"ANDHRA PRADESH",7.4,75.56666667,236.7,45.3
"163","TG","Khammam","Chintur","Chintur",17.75444444,81.17138889,"Edugarallapalli","Dug Well","W04039",1999,"3.49","6.2","4.77","7.8",26.36833333,32.14166667,28.672,25.567,1999,"ANDHRA PRADESH",7.4,75.56666667,236.7,45.3
"164","TG","Khammam","Chintur","Chintur",17.775,81.28611111,"Sarivela","Dug Well","W04799",1999,"2.5","4.26","3.74","5.49",26.36833333,32.14166667,28.672,25.567,1999,"ANDHRA PRADESH",7.4,75.56666667,236.7,45.3
"165","TG","Khammam","Burgampahad","Burgampahad",17.66666667,80.88333333,"Badrachalam","Dug Well","W03914",1999,"1.45","9.42","3.75","10.81",26.36833333,32.14166667,28.672,25.567,1999,"ANDHRA PRADESH",7.4,75.56666667,236.7,45.3
"166","TG","Khammam","Penuballi","Penuballi",17.20888889,80.78055556,"Annapareddipalli","Dug Well","W03835",1999,"3.95","8.63","6.18","8.87",26.36833333,32.14166667,28.672,25.567,1999,"ANDHRA PRADESH",7.4,75.56666667,236.7,45.3
"167","TG","Khammam","Pinapaka","Pinapaka",18.125,80.725,"Edira","Dug Well","W04043",1999,"1.77","6.52","3.85","8.7",26.36833333,32.14166667,28.672,25.567,1999,"ANDHRA PRADESH",7.4,75.56666667,236.7,45.3
"168","TG","Khammam","Garla","Garla",17.4875,80.13777778,"Garla-PZ 1","Bore Well","W04287",1999,".54","'0","'0","'0",26.36833333,32.14166667,28.672,25.567,1999,"ANDHRA PRADESH",7.4,75.56666667,236.7,45.3
"169","TG","Khammam","Garla","Garla",17.49166667,80.14583333,"Kunavaram-1","Dug Well","W04288",1999,"3.09","4.83","3.78","5.7",26.36833333,32.14166667,28.672,25.567,1999,"ANDHRA PRADESH",7.4,75.56666667,236.7,45.3
"170","TG","Khammam","Talada","Thallada",17.21138889,80.53388889,"Kallur1","Dug Well","W04302",1999,".8","2.7","1.98","3.58",26.36833333,32.14166667,28.672,25.567,1999,"ANDHRA PRADESH",7.4,75.56666667,236.7,45.3
"171","TG","Khammam","Santhupalli","Sathupalli",17.1825,80.89305556,"Gangavaram2","Dug Well","W04300",1999,".7","5.36","3.05","4.72",26.36833333,32.14166667,28.672,25.567,1999,"ANDHRA PRADESH",7.4,75.56666667,236.7,45.3
"172","TG","Khammam","Santhupalli","Sathupalli",17.21666667,80.86666667,"Kistaram","Dug Well","W04301",1999,"5.6","4.42","6.1","'0",26.36833333,32.14166667,28.672,25.567,1999,"ANDHRA PRADESH",7.4,75.56666667,236.7,45.3
"173","TG","Khammam","Tirumalayapalem","Tirumalalayapelm",17.29083333,79.92388889,"Nayakangudem1","Dug Well","W04819",1999,"4.45","3.24","5.15","4.63",26.36833333,32.14166667,28.672,25.567,1999,"ANDHRA PRADESH",7.4,75.56666667,236.7,45.3
"174","TG","Khammam","Enkur","Enkur",17.37916667,80.38055556,"Rajalingala","Dug Well","W04805",1999,"7.9","6.72","7.35","8.39",26.36833333,32.14166667,28.672,25.567,1999,"ANDHRA PRADESH",7.4,75.56666667,236.7,45.3
"175","TG","Khammam","Enkur","Enkur",17.33416667,80.43361111,"Enkur","Bore Well","W04042",1999,"5.16","'0","'0","'0",26.36833333,32.14166667,28.672,25.567,1999,"ANDHRA PRADESH",7.4,75.56666667,236.7,45.3
"176","TG","Khammam","Chandrugonda","Chandrugonda",17.375,80.63333333,"Chandragonda","Dug Well","W04035",1999,"5.42","6.6","8.3","7.36",26.36833333,32.14166667,28.672,25.567,1999,"ANDHRA PRADESH",7.4,75.56666667,236.7,45.3
"177","TG","Khammam","Kamepalli","Kamepalli",17.42083333,80.25416667,"Kothalingala","Dug Well","W04290",1999,"7.75","3.1","6.53","'0",26.36833333,32.14166667,28.672,25.567,1999,"ANDHRA PRADESH",7.4,75.56666667,236.7,45.3
"178","TG","Khammam","Aswaraopet","Aswaraopet",17.33333333,81.15,"Vinayakapuram","Dug Well","W04789",1999,"4.14","8.52","5.51","6.91",26.36833333,32.14166667,28.672,25.567,1999,"ANDHRA PRADESH",7.4,75.56666667,236.7,45.3
"179","TG","Khammam","Aswaraopet","Aswaraopet",17.39583333,81.08333333,"Aspaka","Dug Well","W03833",1999,"1.78","3.82","2.65","6.91",26.36833333,32.14166667,28.672,25.567,1999,"ANDHRA PRADESH",7.4,75.56666667,236.7,45.3
"180","TG","Khammam","Dammapeta","Dammapeta",17.25944444,81.0125,"Dhammapeta","Dug Well","W04040",1999,"1.26","8.32","2.63","2.85",26.36833333,32.14166667,28.672,25.567,1999,"ANDHRA PRADESH",7.4,75.56666667,236.7,45.3
"181","TG","Khammam","Dammapeta","Dammapeta",17.30416667,80.92083333,"Gandugulapalli-2","Tube Well","W04283",1999,"14","'0","'0","'0",26.36833333,32.14166667,28.672,25.567,1999,"ANDHRA PRADESH",7.4,75.56666667,236.7,45.3
"182","TG","Khammam","Malkalapalli","Mulakalapalli",17.43333333,80.875,"Jagannathapuram","Dug Well","W04298",1999,"1.83","3.85","4.72","5.17",26.36833333,32.14166667,28.672,25.567,1999,"ANDHRA PRADESH",7.4,75.56666667,236.7,45.3
"183","TG","Khammam","Tekulapalli","Tekulapalli",17.61666667,80.50833333,"Madira1","Bore Well","W04816",1999,".76","'0","'0","'0",26.36833333,32.14166667,28.672,25.567,1999,"ANDHRA PRADESH",7.4,75.56666667,236.7,45.3
"184","TG","Khammam","Tekulapalli","Tekulapalli",17.56666667,80.5,"Tekulapally","Dug Well","W04818",1999,"4.08","5.83","6.41","11.43",26.36833333,32.14166667,28.672,25.567,1999,"ANDHRA PRADESH",7.4,75.56666667,236.7,45.3
"185","TG","Khammam","Nelakondapalli","Nelakondapalli",17.06666667,80.01666667,"Madharam","Bore Well","W04809",1999,"26.2","'0","'0","'0",26.36833333,32.14166667,28.672,25.567,1999,"ANDHRA PRADESH",7.4,75.56666667,236.7,45.3
"186","TG","Khammam","Warangal","Madhira",16.91666667,80.35694444,"Sampathnagar","Dug Well","W04820",1999,"3.11","4.36","4.05","'0",26.36833333,32.14166667,28.672,25.567,1999,"ANDHRA PRADESH",7.4,75.56666667,236.7,45.3
"187","TG","Khammam","Chandrugonda","Chandrugonda",17.31666667,80.73333333,"Erragunta","Dug Well","W04036",1999,"1.79","3.73","3.18","6.32",26.36833333,32.14166667,28.672,25.567,1999,"ANDHRA PRADESH",7.4,75.56666667,236.7,45.3
"188","TG","Khammam","Aswapuram","Aswapuram",17.85444444,80.89527778,"Dummagudem","Dug Well","W04034",1999,"7.89","10.6","9.25","11.09",26.36833333,32.14166667,28.672,25.567,1999,"ANDHRA PRADESH",7.4,75.56666667,236.7,45.3
"189","TG","Khammam","Bhadrachalam","Bhadrachalam",17.65444444,81.07611111,"Thotapally","Dug Well","W04792",1999,"3.7","10.05","4.62","16.98",26.36833333,32.14166667,28.672,25.567,1999,"ANDHRA PRADESH",7.4,75.56666667,236.7,45.3
"190","TG","Khammam","Cherla","Dummagudem",17.91666667,80.91666667,"Parnasala","Dug Well","W04793",1999,"8.28","10.25","9.55","10.95",26.36833333,32.14166667,28.672,25.567,1999,"ANDHRA PRADESH",7.4,75.56666667,236.7,45.3
"191","TG","Khammam","Pinapaka","Pinapaka",18.05555556,80.74583333,"Yedulla Bayyaram-PZ 2","Tube Well","W04812",1999,"7.25","'0","'0","'0",26.36833333,32.14166667,28.672,25.567,1999,"ANDHRA PRADESH",7.4,75.56666667,236.7,45.3
"192","TG","Khammam","Cherla","Cherla",18.03333333,80.85,"Tegad","Dug Well","W04795",1999,"7.17","11.58","9.8","12.91",26.36833333,32.14166667,28.672,25.567,1999,"ANDHRA PRADESH",7.4,75.56666667,236.7,45.3
"193","TG","Khammam","Cherla","Cherla",18.04166667,80.85,"Cherla","Bore Well","W04037",1999,"7.41","'0","'0","'0",26.36833333,32.14166667,28.672,25.567,1999,"ANDHRA PRADESH",7.4,75.56666667,236.7,45.3
"194","TG","Khammam","Wazeed","Wazeedu",18.3,80.55,"Venkatapuram2","Dug Well","W04822",1999,"3.68","11.88","5.75","11.53",26.36833333,32.14166667,28.672,25.567,1999,"ANDHRA PRADESH",7.4,75.56666667,236.7,45.3
"195","TG","Khammam","Wazeed","Wazeedu",18.375,80.53333333,"Pragallapalle","Dug Well","W04821",1999,".98","4.36","1.75","3.63",26.36833333,32.14166667,28.672,25.567,1999,"ANDHRA PRADESH",7.4,75.56666667,236.7,45.3
"196","TG","Khammam","Kusumanchi","Kusumanchi",17.225,80.05,"Tallampad","Dug Well","W04807",1999,"4.2","3.77","4.24","6.3",26.36833333,32.14166667,28.672,25.567,1999,"ANDHRA PRADESH",7.4,75.56666667,236.7,45.3
"197","TG","Khammam","Julurpad","Julurpad",17.49166667,80.50833333,"Sujatanagaram","Dug Well","W04806",1999,"4.66","7.98","6.05","8.88",26.36833333,32.14166667,28.672,25.567,1999,"ANDHRA PRADESH",7.4,75.56666667,236.7,45.3
"198","TG","Khammam","Talada","Thallada",17.21666667,80.425,"Tallada","Dug Well","W04815",1999,".95","3.5","1.88","2.45",26.36833333,32.14166667,28.672,25.567,1999,"ANDHRA PRADESH",7.4,75.56666667,236.7,45.3
"199","TG","Khammam","Penuballi","Penuballi",17.25416667,80.76972222,"Sitarampuram","Dug Well","W04811",1999,"1.67","5.96","4.58","6.08",26.36833333,32.14166667,28.672,25.567,1999,"ANDHRA PRADESH",7.4,75.56666667,236.7,45.3
"200","TG","Khammam","Bayyaram","Bayyaram",17.6,80.15,"Gandhampally","Dug Well","W04281",1999,"6.58","4.96","3.75","8.6",26.36833333,32.14166667,28.672,25.567,1999,"ANDHRA PRADESH",7.4,75.56666667,236.7,45.3
"201","TG","Khammam","Kunavaram","Kunavaram",17.58333333,81.25,"Kunavaram-2","Dug Well","W04297",1998,"'0","6.09","'0","'0",27.43966667,33.41266667,29.24433333,25.682,1998,"ANDHRA PRADESH",7.4,75.56666667,236.7,45.3
"202","TG","Khammam","Aswaraopet","Aswaraopet",17.24777778,81.10833333,"Ashwaraopet","Dug Well","W03832",1998,"3.91","9.83","'0","'0",27.43966667,33.41266667,29.24433333,25.682,1998,"ANDHRA PRADESH",7.4,75.56666667,236.7,45.3
"203","TG","Khammam","Bayyaram","Bayyaram",17.56666667,80.24166667,"Nehrunagar","Dug Well","W04790",1998,"6.35","11.35","4.65","13.28",27.43966667,33.41266667,29.24433333,25.682,1998,"ANDHRA PRADESH",7.4,75.56666667,236.7,45.3
"204","TG","Khammam","Yellandu","Yellandu",17.61611111,80.35416667,"Yellanadu","Dug Well","W04823",1998,"4.06","4.06","4.76","3.54",27.43966667,33.41266667,29.24433333,25.682,1998,"ANDHRA PRADESH",7.4,75.56666667,236.7,45.3
"205","TG","Khammam","Bhadrachalam","Bhadrachalam",17.73333333,81.1,"Lakshmipuram","Dug Well","W04791",1998,"5.2","7.2","4.7","7.66",27.43966667,33.41266667,29.24433333,25.682,1998,"ANDHRA PRADESH",7.4,75.56666667,236.7,45.3
"206","TG","Khammam","Kothagudem","Kothagudem",17.54583333,80.65,"Kottagudem","Dug Well","W04295",1998,"8.99","6.78","6.04","5.99",27.43966667,33.41266667,29.24433333,25.682,1998,"ANDHRA PRADESH",7.4,75.56666667,236.7,45.3
"207","TG","Khammam","Palvancha","Palwancha",17.59444444,80.71666667,"Kesavapuram","Dug Well","W04299",1998,"3.54","7.06","4.12","3.13",27.43966667,33.41266667,29.24433333,25.682,1998,"ANDHRA PRADESH",7.4,75.56666667,236.7,45.3
"208","TG","Khammam","Chintur","Chintur",17.83333333,81.66666667,"Mothugundam","Dug Well","W04797",1998,".3","2.59","2.44","2.59",27.43966667,33.41266667,29.24433333,25.682,1998,"ANDHRA PRADESH",7.4,75.56666667,236.7,45.3
"209","TG","Khammam","Chintur","Chintur",17.74166667,81.52333333,"Lakkavaram","Dug Well","W04796",1998,".91","6.34","4.56","6.08",27.43966667,33.41266667,29.24433333,25.682,1998,"ANDHRA PRADESH",7.4,75.56666667,236.7,45.3
"210","TG","Khammam","Chintur","Chintur",17.75,81.58333333,"Chinturu","Dug Well","W04038",1998,"3.46","5.73","3.6","7.68",27.43966667,33.41266667,29.24433333,25.682,1998,"ANDHRA PRADESH",7.4,75.56666667,236.7,45.3
"211","TG","Khammam","Chintur","Chintur",17.75444444,81.17138889,"Edugarallapalli","Dug Well","W04039",1998,"4.15","6.54","4.58","6.95",27.43966667,33.41266667,29.24433333,25.682,1998,"ANDHRA PRADESH",7.4,75.56666667,236.7,45.3
"212","TG","Khammam","Chintur","Chintur",17.775,81.28611111,"Sarivela","Dug Well","W04799",1998,"1.3","4.3","3.5","5.32",27.43966667,33.41266667,29.24433333,25.682,1998,"ANDHRA PRADESH",7.4,75.56666667,236.7,45.3
"213","TG","Khammam","Dummagudem","Dummagudem",17.78333333,80.9,"Etapaka(bh)","Bore Well","W04041",1998,"'0","9.31","'0","'0",27.43966667,33.41266667,29.24433333,25.682,1998,"ANDHRA PRADESH",7.4,75.56666667,236.7,45.3
"214","TG","Khammam","Burgampahad","Burgampahad",17.66666667,80.88333333,"Badrachalam","Dug Well","W03914",1998,"8.83","10.14","7.65","11.55",27.43966667,33.41266667,29.24433333,25.682,1998,"ANDHRA PRADESH",7.4,75.56666667,236.7,45.3
"215","TG","Khammam","Penuballi","Penuballi",17.20888889,80.78055556,"Annapareddipalli","Dug Well","W03835",1998,"7.07","7.91","4.88","'0",27.43966667,33.41266667,29.24433333,25.682,1998,"ANDHRA PRADESH",7.4,75.56666667,236.7,45.3
"216","TG","Khammam","Pinapaka","Pinapaka",18.125,80.725,"Edira","Dug Well","W04043",1998,".75","6.13","3.16","8.65",27.43966667,33.41266667,29.24433333,25.682,1998,"ANDHRA PRADESH",7.4,75.56666667,236.7,45.3
"217","TG","Khammam","Garla","Garla",17.49166667,80.14583333,"Kunavaram-1","Dug Well","W04288",1998,"4.1","2.73","2.1","3.81",27.43966667,33.41266667,29.24433333,25.682,1998,"ANDHRA PRADESH",7.4,75.56666667,236.7,45.3
"218","TG","Khammam","Talada","Thallada",17.21138889,80.53388889,"Kallur1","Dug Well","W04302",1998,".47","3",".4","4.7",27.43966667,33.41266667,29.24433333,25.682,1998,"ANDHRA PRADESH",7.4,75.56666667,236.7,45.3
"219","TG","Khammam","Santhupalli","Sathupalli",17.1825,80.89305556,"Gangavaram2","Dug Well","W04300",1998,".35","7.21",".85","7.55",27.43966667,33.41266667,29.24433333,25.682,1998,"ANDHRA PRADESH",7.4,75.56666667,236.7,45.3
"220","TG","Khammam","Santhupalli","Sathupalli",17.21666667,80.86666667,"Kistaram","Dug Well","W04301",1998,".82","7.44","4.6","9.27",27.43966667,33.41266667,29.24433333,25.682,1998,"ANDHRA PRADESH",7.4,75.56666667,236.7,45.3
"221","TG","Khammam","Tirumalayapalem","Tirumalalayapelm",17.29083333,79.92388889,"Nayakangudem1","Dug Well","W04819",1998,"2.96","3.08","2.34","3.81",27.43966667,33.41266667,29.24433333,25.682,1998,"ANDHRA PRADESH",7.4,75.56666667,236.7,45.3
"222","TG","Khammam","Enkur","Enkur",17.37916667,80.38055556,"Rajalingala","Dug Well","W04805",1998,"5.8","6.28","6.15","7.9",27.43966667,33.41266667,29.24433333,25.682,1998,"ANDHRA PRADESH",7.4,75.56666667,236.7,45.3
"223","TG","Khammam","Chandrugonda","Chandrugonda",17.375,80.63333333,"Chandragonda","Dug Well","W04035",1998,"4.9","6.42","4.46","9.07",27.43966667,33.41266667,29.24433333,25.682,1998,"ANDHRA PRADESH",7.4,75.56666667,236.7,45.3
"224","TG","Khammam","Kamepalli","Kamepalli",17.42083333,80.25416667,"Kothalingala","Dug Well","W04290",1998,"4.2","9.36","5.04","'0",27.43966667,33.41266667,29.24433333,25.682,1998,"ANDHRA PRADESH",7.4,75.56666667,236.7,45.3
"225","TG","Khammam","Aswaraopet","Aswaraopet",17.33333333,81.15,"Vinayakapuram","Dug Well","W04789",1998,"8.45","8.17","6.55","9.01",27.43966667,33.41266667,29.24433333,25.682,1998,"ANDHRA PRADESH",7.4,75.56666667,236.7,45.3
"226","TG","Khammam","Aswaraopet","Aswaraopet",17.39583333,81.08333333,"Aspaka","Dug Well","W03833",1998,"1.74","4.71","1.59","5.72",27.43966667,33.41266667,29.24433333,25.682,1998,"ANDHRA PRADESH",7.4,75.56666667,236.7,45.3
"227","TG","Khammam","Dammapeta","Dammapeta",17.25944444,81.0125,"Dhammapeta","Dug Well","W04040",1998,".68","4.04","2.38","3.01",27.43966667,33.41266667,29.24433333,25.682,1998,"ANDHRA PRADESH",7.4,75.56666667,236.7,45.3
"228","TG","Khammam","Malkalapalli","Mulakalapalli",17.43333333,80.875,"Jagannathapuram","Dug Well","W04298",1998,".61","'0","3.62","6.13",27.43966667,33.41266667,29.24433333,25.682,1998,"ANDHRA PRADESH",7.4,75.56666667,236.7,45.3
"229","TG","Khammam","Tekulapalli","Tekulapalli",17.56666667,80.5,"Tekulapally","Dug Well","W04818",1998,"3.8","9.12","5.58","11.36",27.43966667,33.41266667,29.24433333,25.682,1998,"ANDHRA PRADESH",7.4,75.56666667,236.7,45.3
"230","TG","Khammam","Warangal","Madhira",16.91666667,80.35694444,"Sampathnagar","Dug Well","W04820",1998,"3","6.36","2.04","7.07",27.43966667,33.41266667,29.24433333,25.682,1998,"ANDHRA PRADESH",7.4,75.56666667,236.7,45.3
"231","TG","Khammam","Chandrugonda","Chandrugonda",17.31666667,80.73333333,"Erragunta","Dug Well","W04036",1998,"2.92","6.02","1.47","'0",27.43966667,33.41266667,29.24433333,25.682,1998,"ANDHRA PRADESH",7.4,75.56666667,236.7,45.3
"232","TG","Khammam","Aswapuram","Aswapuram",17.85444444,80.89527778,"Dummagudem","Dug Well","W04034",1998,"8.7","10.35","9","10.17",27.43966667,33.41266667,29.24433333,25.682,1998,"ANDHRA PRADESH",7.4,75.56666667,236.7,45.3
"233","TG","Khammam","Bhadrachalam","Bhadrachalam",17.65444444,81.07611111,"Thotapally","Dug Well","W04792",1998,"7.96","11.42","7.42","15.32",27.43966667,33.41266667,29.24433333,25.682,1998,"ANDHRA PRADESH",7.4,75.56666667,236.7,45.3
"234","TG","Khammam","Cherla","Dummagudem",17.91666667,80.91666667,"Parnasala","Dug Well","W04793",1998,"7.9","9.2","9.14","8.9",27.43966667,33.41266667,29.24433333,25.682,1998,"ANDHRA PRADESH",7.4,75.56666667,236.7,45.3
"235","TG","Khammam","Cherla","Cherla",18.03333333,80.85,"Tegad","Dug Well","W04795",1998,".96","10.3","9.02","11.94",27.43966667,33.41266667,29.24433333,25.682,1998,"ANDHRA PRADESH",7.4,75.56666667,236.7,45.3
"236","TG","Khammam","Wazeed","Wazeedu",18.3,80.55,"Venkatapuram2","Dug Well","W04822",1998,"5.98","11.41","5.4","10.76",27.43966667,33.41266667,29.24433333,25.682,1998,"ANDHRA PRADESH",7.4,75.56666667,236.7,45.3
"237","TG","Khammam","Wazeed","Wazeedu",18.375,80.53333333,"Pragallapalle","Dug Well","W04821",1998,".26","9.28",".6","5.66",27.43966667,33.41266667,29.24433333,25.682,1998,"ANDHRA PRADESH",7.4,75.56666667,236.7,45.3
"238","TG","Khammam","Kusumanchi","Kusumanchi",17.225,80.05,"Tallampad","Dug Well","W04807",1998,"3.15","4.09","1.81","5.62",27.43966667,33.41266667,29.24433333,25.682,1998,"ANDHRA PRADESH",7.4,75.56666667,236.7,45.3
"239","TG","Khammam","Julurpad","Julurpad",17.49166667,80.50833333,"Sujatanagaram","Dug Well","W04806",1998,"5.3","7.72","4.63","10.26",27.43966667,33.41266667,29.24433333,25.682,1998,"ANDHRA PRADESH",7.4,75.56666667,236.7,45.3
"240","TG","Khammam","Talada","Thallada",17.21666667,80.425,"Tallada","Dug Well","W04815",1998,"2.15","2.89","1.45","5.01",27.43966667,33.41266667,29.24433333,25.682,1998,"ANDHRA PRADESH",7.4,75.56666667,236.7,45.3
"241","TG","Khammam","Penuballi","Penuballi",17.25416667,80.76972222,"Sitarampuram","Dug Well","W04811",1998,"3.77","4.52","3.56","4.52",27.43966667,33.41266667,29.24433333,25.682,1998,"ANDHRA PRADESH",7.4,75.56666667,236.7,45.3
"242","TG","Khammam","Penuballi","Penuballi",17.20694444,80.76388889,"Sattupalle(pn)","Bore Well","W04810",1998,"5.46","3.53","7.21","7.4",27.43966667,33.41266667,29.24433333,25.682,1998,"ANDHRA PRADESH",7.4,75.56666667,236.7,45.3
"243","TG","Khammam","Bayyaram","Bayyaram",17.6,80.15,"Gandhampally","Dug Well","W04281",1998,"3.1","5.92","3.16","6.95",27.43966667,33.41266667,29.24433333,25.682,1998,"ANDHRA PRADESH",7.4,75.56666667,236.7,45.3
"244","TG","Khammam","Kunavaram","Kunavaram",17.58333333,81.25,"Kunavaram-2","Dug Well","W04297",1997,"7.08","6.04","5.92","6.91",25.75633333,32.21066667,29.32433333,26.83166667,1997,"ANDHRA PRADESH",7.4,75.56666667,236.7,45.3
"245","TG","Khammam","Bayyaram","Bayyaram",17.6,80.15,"Gandhampally","Dug Well","W04281",1997,"8.02","4.89","5.72","8.27",25.75633333,32.21066667,29.32433333,26.83166667,1997,"ANDHRA PRADESH",7.4,75.56666667,236.7,45.3
"246","TG","Khammam","Bayyaram","Bayyaram",17.56666667,80.24166667,"Nehrunagar","Dug Well","W04790",1997,"7.66","7.9","6.18","12.11",25.75633333,32.21066667,29.32433333,26.83166667,1997,"ANDHRA PRADESH",7.4,75.56666667,236.7,45.3
"247","TG","Khammam","Yellandu","Yellandu",17.61611111,80.35416667,"Yellanadu","Dug Well","W04823",1997,"4.38","3.61","4.31","4.66",25.75633333,32.21066667,29.32433333,26.83166667,1997,"ANDHRA PRADESH",7.4,75.56666667,236.7,45.3
"248","TG","Khammam","Bhadrachalam","Bhadrachalam",17.73333333,81.1,"Lakshmipuram","Dug Well","W04791",1997,"5.2","6.79","5.79","8.34",25.75633333,32.21066667,29.32433333,26.83166667,1997,"ANDHRA PRADESH",7.4,75.56666667,236.7,45.3
"249","TG","Khammam","Kothagudem","Kothagudem",17.54583333,80.65,"Kottagudem","Dug Well","W04295",1997,"6.16","6.39","6.34","6.62",25.75633333,32.21066667,29.32433333,26.83166667,1997,"ANDHRA PRADESH",7.4,75.56666667,236.7,45.3
"250","TG","Khammam","Palvancha","Palwancha",17.59444444,80.71666667,"Kesavapuram","Dug Well","W04299",1997,"4.84","4.09","5.69","8.36",25.75633333,32.21066667,29.32433333,26.83166667,1997,"ANDHRA PRADESH",7.4,75.56666667,236.7,45.3
"251","TG","Khammam","Chintur","Chintur",17.83333333,81.66666667,"Mothugundam","Dug Well","W04797",1997,".43",".88","4.58","3.17",25.75633333,32.21066667,29.32433333,26.83166667,1997,"ANDHRA PRADESH",7.4,75.56666667,236.7,45.3
"252","TG","Khammam","Chintur","Chintur",17.74166667,81.52333333,"Lakkavaram","Dug Well","W04796",1997,"5.47","6.43","5.38","7.82",25.75633333,32.21066667,29.32433333,26.83166667,1997,"ANDHRA PRADESH",7.4,75.56666667,236.7,45.3
"253","TG","Khammam","Chintur","Chintur",17.75,81.58333333,"Chinturu","Dug Well","W04038",1997,"3.46","5.39","5.18","7.13",25.75633333,32.21066667,29.32433333,26.83166667,1997,"ANDHRA PRADESH",7.4,75.56666667,236.7,45.3
"254","TG","Khammam","Chintur","Chintur",17.75444444,81.17138889,"Edugarallapalli","Dug Well","W04039",1997,"9.54","6.06","6.07","7.82",25.75633333,32.21066667,29.32433333,26.83166667,1997,"ANDHRA PRADESH",7.4,75.56666667,236.7,45.3
"255","TG","Khammam","Chintur","Chintur",17.775,81.28611111,"Sarivela","Dug Well","W04799",1997,"3.23","3.72","3.87","5.54",25.75633333,32.21066667,29.32433333,26.83166667,1997,"ANDHRA PRADESH",7.4,75.56666667,236.7,45.3
"256","TG","Khammam","Dummagudem","Dummagudem",17.78333333,80.9,"Etapaka(bh)","Bore Well","W04041",1997,"13.21","8.19","8.83","4.57",25.75633333,32.21066667,29.32433333,26.83166667,1997,"ANDHRA PRADESH",7.4,75.56666667,236.7,45.3
"257","TG","Khammam","Burgampahad","Burgampahad",17.66666667,80.88333333,"Badrachalam","Dug Well","W03914",1997,"10.15","7.03","9.53","11.41",25.75633333,32.21066667,29.32433333,26.83166667,1997,"ANDHRA PRADESH",7.4,75.56666667,236.7,45.3
"258","TG","Khammam","Pinapaka","Pinapaka",18.125,80.725,"Edira","Dug Well","W04043",1997,"4.9","5.8","5.07","9.22",25.75633333,32.21066667,29.32433333,26.83166667,1997,"ANDHRA PRADESH",7.4,75.56666667,236.7,45.3
"259","TG","Khammam","Garla","Garla",17.49166667,80.14583333,"Kunavaram-1","Dug Well","W04288",1997,"4.68","3.16","'0","5.42",25.75633333,32.21066667,29.32433333,26.83166667,1997,"ANDHRA PRADESH",7.4,75.56666667,236.7,45.3
"260","TG","Khammam","Talada","Thallada",17.21138889,80.53388889,"Kallur1","Dug Well","W04302",1997,"3.3","1.89","3.28","4",25.75633333,32.21066667,29.32433333,26.83166667,1997,"ANDHRA PRADESH",7.4,75.56666667,236.7,45.3
"261","TG","Khammam","Santhupalli","Sathupalli",17.1825,80.89305556,"Gangavaram2","Dug Well","W04300",1997,".98","2.45","4.51","8.37",25.75633333,32.21066667,29.32433333,26.83166667,1997,"ANDHRA PRADESH",7.4,75.56666667,236.7,45.3
"262","TG","Khammam","Santhupalli","Sathupalli",17.21666667,80.86666667,"Kistaram","Dug Well","W04301",1997,"6.28","3.91","'0","7.04",25.75633333,32.21066667,29.32433333,26.83166667,1997,"ANDHRA PRADESH",7.4,75.56666667,236.7,45.3
"263","TG","Khammam","Tirumalayapalem","Tirumalalayapelm",17.29083333,79.92388889,"Nayakangudem1","Dug Well","W04819",1997,"5.13","4.2","4.28","4.85",25.75633333,32.21066667,29.32433333,26.83166667,1997,"ANDHRA PRADESH",7.4,75.56666667,236.7,45.3
"264","TG","Khammam","Enkur","Enkur",17.37916667,80.38055556,"Rajalingala","Dug Well","W04805",1997,"7.38","7.05","7.03","7.9",25.75633333,32.21066667,29.32433333,26.83166667,1997,"ANDHRA PRADESH",7.4,75.56666667,236.7,45.3
"265","TG","Khammam","Chandrugonda","Chandrugonda",17.375,80.63333333,"Chandragonda","Dug Well","W04035",1997,"6.9","4.9","6.61","7.77",25.75633333,32.21066667,29.32433333,26.83166667,1997,"ANDHRA PRADESH",7.4,75.56666667,236.7,45.3
"266","TG","Khammam","Kamepalli","Kamepalli",17.42083333,80.25416667,"Kothalingala","Dug Well","W04290",1997,"9.31","6.69","8.09","'0",25.75633333,32.21066667,29.32433333,26.83166667,1997,"ANDHRA PRADESH",7.4,75.56666667,236.7,45.3
"267","TG","Khammam","Aswaraopet","Aswaraopet",17.33333333,81.15,"Vinayakapuram","Dug Well","W04789",1997,"8.03","6.38","7.9","8.27",25.75633333,32.21066667,29.32433333,26.83166667,1997,"ANDHRA PRADESH",7.4,75.56666667,236.7,45.3
"268","TG","Khammam","Aswaraopet","Aswaraopet",17.39583333,81.08333333,"Aspaka","Dug Well","W03833",1997,"4.49","3.21","3.27","6.27",25.75633333,32.21066667,29.32433333,26.83166667,1997,"ANDHRA PRADESH",7.4,75.56666667,236.7,45.3
"269","TG","Khammam","Dammapeta","Dammapeta",17.25944444,81.0125,"Dhammapeta","Dug Well","W04040",1997,"1.88","4.18","3.38","4.65",25.75633333,32.21066667,29.32433333,26.83166667,1997,"ANDHRA PRADESH",7.4,75.56666667,236.7,45.3
"270","TG","Khammam","Malkalapalli","Mulakalapalli",17.43333333,80.875,"Jagannathapuram","Dug Well","W04298",1997,"5.16","3.43","4.64","6.18",25.75633333,32.21066667,29.32433333,26.83166667,1997,"ANDHRA PRADESH",7.4,75.56666667,236.7,45.3
"271","TG","Khammam","Tekulapalli","Tekulapalli",17.56666667,80.5,"Tekulapally","Dug Well","W04818",1997,"8.83","9.75","'0","11.92",25.75633333,32.21066667,29.32433333,26.83166667,1997,"ANDHRA PRADESH",7.4,75.56666667,236.7,45.3
"272","TG","Khammam","Warangal","Madhira",16.91666667,80.35694444,"Sampathnagar","Dug Well","W04820",1997,"7.04","4.38","5.63","5.64",25.75633333,32.21066667,29.32433333,26.83166667,1997,"ANDHRA PRADESH",7.4,75.56666667,236.7,45.3
"273","TG","Khammam","Chandrugonda","Chandrugonda",17.31666667,80.73333333,"Erragunta","Dug Well","W04036",1997,"5.13","2.8","4.75","5.79",25.75633333,32.21066667,29.32433333,26.83166667,1997,"ANDHRA PRADESH",7.4,75.56666667,236.7,45.3
"274","TG","Khammam","Aswapuram","Aswapuram",17.85444444,80.89527778,"Dummagudem","Dug Well","W04034",1997,"8.99","10","10.21","10.77",25.75633333,32.21066667,29.32433333,26.83166667,1997,"ANDHRA PRADESH",7.4,75.56666667,236.7,45.3
"275","TG","Khammam","Bhadrachalam","Bhadrachalam",17.65444444,81.07611111,"Thotapally","Dug Well","W04792",1997,"5.74","6.42","8.01","12.94",25.75633333,32.21066667,29.32433333,26.83166667,1997,"ANDHRA PRADESH",7.4,75.56666667,236.7,45.3
"276","TG","Khammam","Cherla","Dummagudem",17.91666667,80.91666667,"Parnasala","Dug Well","W04793",1997,"8.62","8.95","8.92","10.14",25.75633333,32.21066667,29.32433333,26.83166667,1997,"ANDHRA PRADESH",7.4,75.56666667,236.7,45.3
"277","TG","Khammam","Cherla","Cherla",18.03333333,80.85,"Tegad","Dug Well","W04795",1997,"8.12","10.47","10.05","13.3",25.75633333,32.21066667,29.32433333,26.83166667,1997,"ANDHRA PRADESH",7.4,75.56666667,236.7,45.3
"278","TG","Khammam","Wazeed","Wazeedu",18.3,80.55,"Venkatapuram2","Dug Well","W04822",1997,"7.7","9.15","8.82","11.98",25.75633333,32.21066667,29.32433333,26.83166667,1997,"ANDHRA PRADESH",7.4,75.56666667,236.7,45.3
"279","TG","Khammam","Wazeed","Wazeedu",18.375,80.53333333,"Pragallapalle","Dug Well","W04821",1997,".45","2.83","8.92","7.86",25.75633333,32.21066667,29.32433333,26.83166667,1997,"ANDHRA PRADESH",7.4,75.56666667,236.7,45.3
"280","TG","Khammam","Kusumanchi","Kusumanchi",17.225,80.05,"Tallampad","Dug Well","W04807",1997,"4.55","3.13","3.89","5.6",25.75633333,32.21066667,29.32433333,26.83166667,1997,"ANDHRA PRADESH",7.4,75.56666667,236.7,45.3
"281","TG","Khammam","Aswaraopet","Aswaraopet",17.49444444,81.15,"Lankapally","Dug Well","W04788",1997,"'0","1.7","'0","'0",25.75633333,32.21066667,29.32433333,26.83166667,1997,"ANDHRA PRADESH",7.4,75.56666667,236.7,45.3
"282","TG","Khammam","Julurpad","Julurpad",17.49166667,80.50833333,"Sujatanagaram","Dug Well","W04806",1997,"7.95","5.03","7.45","8.57",25.75633333,32.21066667,29.32433333,26.83166667,1997,"ANDHRA PRADESH",7.4,75.56666667,236.7,45.3
"283","TG","Khammam","Talada","Thallada",17.21666667,80.425,"Tallada","Dug Well","W04815",1997,"1.45","1.92","2.64","4.44",25.75633333,32.21066667,29.32433333,26.83166667,1997,"ANDHRA PRADESH",7.4,75.56666667,236.7,45.3
"284","TG","Khammam","Penuballi","Penuballi",17.25416667,80.76972222,"Sitarampuram","Dug Well","W04811",1997,"3.07","3.15","3.92","5.08",25.75633333,32.21066667,29.32433333,26.83166667,1997,"ANDHRA PRADESH",7.4,75.56666667,236.7,45.3
"285","TG","Khammam","Penuballi","Penuballi",17.20694444,80.76388889,"Sattupalle(pn)","Bore Well","W04810",1997,"5.61","3.42","4.29","6.16",25.75633333,32.21066667,29.32433333,26.83166667,1997,"ANDHRA PRADESH",7.4,75.56666667,236.7,45.3
"286","TG","Khammam","Aswaraopet","Aswaraopet",17.24777778,81.10833333,"Ashwaraopet","Dug Well","W03832",1997,"10.17","7.84","8.89","10.26",25.75633333,32.21066667,29.32433333,26.83166667,1997,"ANDHRA PRADESH",7.4,75.56666667,236.7,45.3
"287","TG","Khammam","Penuballi","Penuballi",17.20888889,80.78055556,"Annapareddipalli","Dug Well","W03835",1997,"6.54","6.71","8.22","7.56",25.75633333,32.21066667,29.32433333,26.83166667,1997,"ANDHRA PRADESH",7.4,75.56666667,236.7,45.3
"288","TG","Khammam","Kunavaram","Kunavaram",17.58333333,81.25,"Kunavaram-2","Dug Well","W04297",1996,"5.74","5.89","5.49","7.02",26.55033333,32.541,28.89933333,25.27,1996,"ANDHRA PRADESH",7.4,75.56666667,236.7,45.3
"289","TG","Khammam","Penuballi","Penuballi",17.20888889,80.78055556,"Annapareddipalli","Dug Well","W03835",1996,"4.08","2.7","5.82","9.48",26.55033333,32.541,28.89933333,25.27,1996,"ANDHRA PRADESH",7.4,75.56666667,236.7,45.3
"290","TG","Khammam","Bayyaram","Bayyaram",17.56666667,80.24166667,"Nehrunagar","Dug Well","W04790",1996,"2.6","6.65","6.65","9.97",26.55033333,32.541,28.89933333,25.27,1996,"ANDHRA PRADESH",7.4,75.56666667,236.7,45.3
"291","TG","Khammam","Yellandu","Yellandu",17.61611111,80.35416667,"Yellanadu","Dug Well","W04823",1996,"4.61","4.36","4.21","4.83",26.55033333,32.541,28.89933333,25.27,1996,"ANDHRA PRADESH",7.4,75.56666667,236.7,45.3
"292","TG","Khammam","Bhadrachalam","Bhadrachalam",17.73333333,81.1,"Lakshmipuram","Dug Well","W04791",1996,"3.9","4.5","5.22","7.62",26.55033333,32.541,28.89933333,25.27,1996,"ANDHRA PRADESH",7.4,75.56666667,236.7,45.3
"293","TG","Khammam","Kothagudem","Kothagudem",17.54583333,80.65,"Kottagudem","Dug Well","W04295",1996,"4.16","5.14","4.04","6.93",26.55033333,32.541,28.89933333,25.27,1996,"ANDHRA PRADESH",7.4,75.56666667,236.7,45.3
"294","TG","Khammam","Palvancha","Palwancha",17.59444444,80.71666667,"Kesavapuram","Dug Well","W04299",1996,"1.95","3.84","2.49","7.89",26.55033333,32.541,28.89933333,25.27,1996,"ANDHRA PRADESH",7.4,75.56666667,236.7,45.3
"295","TG","Khammam","Chintur","Chintur",17.83333333,81.66666667,"Mothugundam","Dug Well","W04797",1996,"'0","3.55",".92","2.86",26.55033333,32.541,28.89933333,25.27,1996,"ANDHRA PRADESH",7.4,75.56666667,236.7,45.3
"296","TG","Khammam","Chintur","Chintur",17.74166667,81.52333333,"Lakkavaram","Dug Well","W04796",1996,"2.91","4.3","4.67","7.42",26.55033333,32.541,28.89933333,25.27,1996,"ANDHRA PRADESH",7.4,75.56666667,236.7,45.3
"297","TG","Khammam","Chintur","Chintur",17.75,81.58333333,"Chinturu","Dug Well","W04038",1996,"2.94","6.71","3.31","6.74",26.55033333,32.541,28.89933333,25.27,1996,"ANDHRA PRADESH",7.4,75.56666667,236.7,45.3
"298","TG","Khammam","Chintur","Chintur",17.75444444,81.17138889,"Edugarallapalli","Dug Well","W04039",1996,"3.7","4.6","4.86","7.05",26.55033333,32.541,28.89933333,25.27,1996,"ANDHRA PRADESH",7.4,75.56666667,236.7,45.3
"299","TG","Khammam","Chintur","Chintur",17.775,81.28611111,"Sarivela","Dug Well","W04799",1996,"2.3","3","3.08","5.04",26.55033333,32.541,28.89933333,25.27,1996,"ANDHRA PRADESH",7.4,75.56666667,236.7,45.3
"300","TG","Khammam","Dummagudem","Dummagudem",17.78333333,80.9,"Etapaka(bh)","Bore Well","W04041",1996,"4.55","6.91","5.81","8.77",26.55033333,32.541,28.89933333,25.27,1996,"ANDHRA PRADESH",7.4,75.56666667,236.7,45.3
"301","TG","Khammam","Burgampahad","Burgampahad",17.66666667,80.88333333,"Badrachalam","Dug Well","W03914",1996,"2.57","7.18","4.3","11.12",26.55033333,32.541,28.89933333,25.27,1996,"ANDHRA PRADESH",7.4,75.56666667,236.7,45.3
"302","TG","Khammam","Pinapaka","Pinapaka",18.125,80.725,"Edira","Dug Well","W04043",1996,"1.02","3.2","3.52","7.44",26.55033333,32.541,28.89933333,25.27,1996,"ANDHRA PRADESH",7.4,75.56666667,236.7,45.3
"303","TG","Khammam","Khammam(r)","Khammam(r)",17.23333333,80.13333333,"Khammam","Dug Well","W04291",1996,"'0",".75","'0","'0",26.55033333,32.541,28.89933333,25.27,1996,"ANDHRA PRADESH",7.4,75.56666667,236.7,45.3
"304","TG","Khammam","Garla","Garla",17.49166667,80.14583333,"Kunavaram-1","Dug Well","W04288",1996,".96","2.35","2.13","4.98",26.55033333,32.541,28.89933333,25.27,1996,"ANDHRA PRADESH",7.4,75.56666667,236.7,45.3
"305","TG","Khammam","Talada","Thallada",17.21138889,80.53388889,"Kallur1","Dug Well","W04302",1996,".03","2",".9","4.81",26.55033333,32.541,28.89933333,25.27,1996,"ANDHRA PRADESH",7.4,75.56666667,236.7,45.3
"306","TG","Khammam","Santhupalli","Sathupalli",17.1825,80.89305556,"Gangavaram2","Dug Well","W04300",1996,".08","4.85","2.61","7.15",26.55033333,32.541,28.89933333,25.27,1996,"ANDHRA PRADESH",7.4,75.56666667,236.7,45.3
"307","TG","Khammam","Santhupalli","Sathupalli",17.21666667,80.86666667,"Kistaram","Dug Well","W04301",1996,".6","2.2","2.88","7.8",26.55033333,32.541,28.89933333,25.27,1996,"ANDHRA PRADESH",7.4,75.56666667,236.7,45.3
"308","TG","Khammam","Tirumalayapalem","Tirumalalayapelm",17.29083333,79.92388889,"Nayakangudem1","Dug Well","W04819",1996,"4.91","4.16","3.16","5.13",26.55033333,32.541,28.89933333,25.27,1996,"ANDHRA PRADESH",7.4,75.56666667,236.7,45.3
"309","TG","Khammam","Enkur","Enkur",17.37916667,80.38055556,"Rajalingala","Dug Well","W04805",1996,"2.85","6.9","5.74","8.17",26.55033333,32.541,28.89933333,25.27,1996,"ANDHRA PRADESH",7.4,75.56666667,236.7,45.3
"310","TG","Khammam","Chandrugonda","Chandrugonda",17.375,80.63333333,"Chandragonda","Dug Well","W04035",1996,"3.85","4.5","3.92","9.21",26.55033333,32.541,28.89933333,25.27,1996,"ANDHRA PRADESH",7.4,75.56666667,236.7,45.3
"311","TG","Khammam","Kamepalli","Kamepalli",17.42083333,80.25416667,"Kothalingala","Dug Well","W04290",1996,".67","5.14","5.66","'0",26.55033333,32.541,28.89933333,25.27,1996,"ANDHRA PRADESH",7.4,75.56666667,236.7,45.3
"312","TG","Khammam","Aswaraopet","Aswaraopet",17.33333333,81.15,"Vinayakapuram","Dug Well","W04789",1996,"5.5","6.65","5.64","5.33",26.55033333,32.541,28.89933333,25.27,1996,"ANDHRA PRADESH",7.4,75.56666667,236.7,45.3
"313","TG","Khammam","Aswaraopet","Aswaraopet",17.39583333,81.08333333,"Aspaka","Dug Well","W03833",1996,"6.9","3.25","2.33","6.11",26.55033333,32.541,28.89933333,25.27,1996,"ANDHRA PRADESH",7.4,75.56666667,236.7,45.3
"314","TG","Khammam","Julurpad","Julurpad",17.4,80.5,"Jalurpadu","Dug Well","W04289",1996,"'0","8.2","'0","'0",26.55033333,32.541,28.89933333,25.27,1996,"ANDHRA PRADESH",7.4,75.56666667,236.7,45.3
"315","TG","Khammam","Dammapeta","Dammapeta",17.25944444,81.0125,"Dhammapeta","Dug Well","W04040",1996,".38","3.83","3.33","6.93",26.55033333,32.541,28.89933333,25.27,1996,"ANDHRA PRADESH",7.4,75.56666667,236.7,45.3
"316","TG","Khammam","Malkalapalli","Mulakalapalli",17.43333333,80.875,"Jagannathapuram","Dug Well","W04298",1996,"2.71","3.66","2.51","6.64",26.55033333,32.541,28.89933333,25.27,1996,"ANDHRA PRADESH",7.4,75.56666667,236.7,45.3
"317","TG","Khammam","Tekulapalli","Tekulapalli",17.56666667,80.5,"Tekulapally","Dug Well","W04818",1996,"6.6","8.4","8.12","11.62",26.55033333,32.541,28.89933333,25.27,1996,"ANDHRA PRADESH",7.4,75.56666667,236.7,45.3
"318","TG","Khammam","Warangal","Madhira",16.91666667,80.35694444,"Sampathnagar","Dug Well","W04820",1996,"3.87","4.3","3.57","5.77",26.55033333,32.541,28.89933333,25.27,1996,"ANDHRA PRADESH",7.4,75.56666667,236.7,45.3
"319","TG","Khammam","Yerrupalem","Yerrupalem",16.83333333,80.47222222,"Yerrupalem","Dug Well","W04826",1996,"'0","5.65","'0","'0",26.55033333,32.541,28.89933333,25.27,1996,"ANDHRA PRADESH",7.4,75.56666667,236.7,45.3
"320","TG","Khammam","Chandrugonda","Chandrugonda",17.31666667,80.73333333,"Erragunta","Dug Well","W04036",1996,"1.54","3.57","1.64","6.59",26.55033333,32.541,28.89933333,25.27,1996,"ANDHRA PRADESH",7.4,75.56666667,236.7,45.3
"321","TG","Khammam","Aswapuram","Aswapuram",17.85444444,80.89527778,"Dummagudem","Dug Well","W04034",1996,".1","5.15","9.5","10",26.55033333,32.541,28.89933333,25.27,1996,"ANDHRA PRADESH",7.4,75.56666667,236.7,45.3
"322","TG","Khammam","Bhadrachalam","Bhadrachalam",17.65444444,81.07611111,"Thotapally","Dug Well","W04792",1996,"4.02","7.82","4.21","11.1",26.55033333,32.541,28.89933333,25.27,1996,"ANDHRA PRADESH",7.4,75.56666667,236.7,45.3
"323","TG","Khammam","Cherla","Dummagudem",17.91666667,80.91666667,"Parnasala","Dug Well","W04793",1996,"6.85","8.3","8.95","9.6",26.55033333,32.541,28.89933333,25.27,1996,"ANDHRA PRADESH",7.4,75.56666667,236.7,45.3
"324","TG","Khammam","Cherla","Cherla",18.03333333,80.85,"Tegad","Dug Well","W04795",1996,"5.57","5.22","10","12.81",26.55033333,32.541,28.89933333,25.27,1996,"ANDHRA PRADESH",7.4,75.56666667,236.7,45.3
"325","TG","Khammam","Wazeed","Wazeedu",18.3,80.55,"Venkatapuram2","Dug Well","W04822",1996,"4.6","8.9","7.02","11.81",26.55033333,32.541,28.89933333,25.27,1996,"ANDHRA PRADESH",7.4,75.56666667,236.7,45.3
"326","TG","Khammam","Wazeed","Wazeedu",18.375,80.53333333,"Pragallapalle","Dug Well","W04821",1996,"1.25","6.1","1.56","9.66",26.55033333,32.541,28.89933333,25.27,1996,"ANDHRA PRADESH",7.4,75.56666667,236.7,45.3
"327","TG","Khammam","Kusumanchi","Kusumanchi",17.225,80.05,"Tallampad","Dug Well","W04807",1996,"2.4","2.55","2.5","5.55",26.55033333,32.541,28.89933333,25.27,1996,"ANDHRA PRADESH",7.4,75.56666667,236.7,45.3
"328","TG","Khammam","Aswaraopet","Aswaraopet",17.49444444,81.15,"Lankapally","Dug Well","W04788",1996,".1","5.35",".68","5.49",26.55033333,32.541,28.89933333,25.27,1996,"ANDHRA PRADESH",7.4,75.56666667,236.7,45.3
"329","TG","Khammam","Julurpad","Julurpad",17.49166667,80.50833333,"Sujatanagaram","Dug Well","W04806",1996,"4.3","4.1","6.04","8.4",26.55033333,32.541,28.89933333,25.27,1996,"ANDHRA PRADESH",7.4,75.56666667,236.7,45.3
"330","TG","Khammam","Dammapeta","Dammapeta",17.34583333,80.96666667,"Patwarigudem","Dug Well","W04800",1996,"'0","8.98","'0","'0",26.55033333,32.541,28.89933333,25.27,1996,"ANDHRA PRADESH",7.4,75.56666667,236.7,45.3
"331","TG","Khammam","Talada","Thallada",17.21666667,80.425,"Tallada","Dug Well","W04815",1996,".33","2.95","1.27","6.42",26.55033333,32.541,28.89933333,25.27,1996,"ANDHRA PRADESH",7.4,75.56666667,236.7,45.3
"332","TG","Khammam","Penuballi","Penuballi",17.25416667,80.76972222,"Sitarampuram","Dug Well","W04811",1996,"1.09","2.36","2.89","4.94",26.55033333,32.541,28.89933333,25.27,1996,"ANDHRA PRADESH",7.4,75.56666667,236.7,45.3
"333","TG","Khammam","Penuballi","Penuballi",17.20694444,80.76388889,"Sattupalle(pn)","Bore Well","W04810",1996,"1.31","4.04","2.3","6.6",26.55033333,32.541,28.89933333,25.27,1996,"ANDHRA PRADESH",7.4,75.56666667,236.7,45.3
"334","TG","Khammam","Aswaraopet","Aswaraopet",17.24777778,81.10833333,"Ashwaraopet","Dug Well","W03832",1996,"1.84","7.51","5.76","10.94",26.55033333,32.541,28.89933333,25.27,1996,"ANDHRA PRADESH",7.4,75.56666667,236.7,45.3
"335","TG","Khammam","Bayyaram","Bayyaram",17.6,80.15,"Gandhampally","Dug Well","W04281",1996,"2.65","4.6","2.81","8.07",26.55033333,32.541,28.89933333,25.27,1996,"ANDHRA PRADESH",7.4,75.56666667,236.7,45.3
